id;judulgame;genre;platform;tanggal;publisher;bahasa;sinopsis
1;God of War: Ragnarok;Action, Adventure;PlayStation 5;09-Nov-22;Sony Interactive;Inggris;Mengisahkan petualangan Kratos dan Atreus dalam mitologi Nordik saat mereka menghadapi ramalan Ragnarok yang mendekat.
2;The Last of Us Part II;Action, Horror;PlayStation 4;19-Jun-20;Naughty Dog;Inggris;Melanjutkan kisah Ellie dalam dunia pasca-apokaliptik yang dipenuhi infeksi mematikan, balas dendam, dan dilema moral.
3;Final Fantasy VII Remake;RPG, Action;PlayStation 4, 5;10-Apr-20;Square Enix;Inggris, Jepang;Remake dari game klasik Final Fantasy VII, mengikuti perjalanan Cloud Strife dan kawan-kawan dalam melawan perusahaan Shinra yang jahat.
4;Gran Turismo 7;Racing, Simulation;PlayStation 5, 4;04-Mar-22;Polyphony Digital;Multi;Simulator balapan realistis dengan berbagai mobil, trek, dan mode karier yang membawa pemain ke pengalaman berkendara terbaik.
5;Spider-Man: Miles Morales;Action, Open-world;PlayStation 5, 4;12-Nov-20;Insomniac Games;Inggris;Miles Morales melanjutkan peran Spider-Man di New York, menghadapi ancaman baru sambil mengembangkan kekuatannya sendiri.
6;Horizon Forbidden West;Role-Playing Action;PlayStation 4, PlayStation 5;18-Feb-22;Sony Interactive Entertainment;Inggris, Jepang, Spanyol;Aloy melanjutkan perjalanannya ke wilayah barat yang berbahaya untuk mengungkap ancaman misterius yang dapat menghancurkan umat manusia.
7;Ys X: Nordics;Role-Playing Action;PlayStation 4, PlayStation 5, Nintendo Switch, Windows;25-Oct-24;NIS America;Inggris, Jepang, Prancis;Mengikuti petualangan Adol Christin yang berlayar ke wilayah utara dan terlibat dalam konflik antara bangsa Normans dan makhluk misterius bernama Griegr.
8;Ghost of Tsushima;Action-Adventure;PlayStation 4, PlayStation 5;17-Jul-20;Sony Interactive Entertainment;Inggris, Jepang;Berlatar belakang invasi Mongol ke Jepang, pemain mengendalikan Jin Sakai, seorang samurai yang berjuang untuk membebaskan pulau Tsushima.
9;Final Fantasy VII Remake;Role-Playing;PlayStation 4, PlayStation 5;16-Jun-21;Square Enix;Inggris, Jepang, Prancis;Remake dari game klasik Final Fantasy VII, mengikuti kisah Cloud Strife dan kelompok pemberontak Avalanche dalam melawan korporasi Shinra.
10;Demon's Souls;Role-Playing Action;PlayStation 5;12-Nov-20;Sony Interactive Entertainment;Inggris, Jepang;Remake dari game klasik dengan nama yang sama, pemain menjelajahi kerajaan Boletaria yang terkutuk dan menghadapi berbagai makhluk mematikan.
11;Black Myth: Wukong;Action, RPG;PS5;2024;Game Science;Inggris, Mandarin Sederhana, Korea, Jepang, Mandarin Tradisional;"Sebuah game aksi RPG yang terinspirasi dari novel klasik ""Perjalanan ke Barat"", dengan pertarungan menantang dan grafis yang memukau."
12;ASTRO BOT;Platformer;PS5;06-Sep-24;Sony Interactive Entertainment;Inggris, Mandarin Sederhana, Korea, Thailand, Jepang, Mandarin Tradisional;Petualangan platformer dengan level indah dan tantangan yang seru, serta mekanisme permainan yang halus.
13;Helldivers 2;Action, Shooter;PS5, PC;8 Februari 2024;Arrowhead Game Studios;Inggris, Mandarin Sederhana, Korea, Jepang, Mandarin Tradisional;Game penembak kooperatif multipemain yang menekankan kerja sama tim dan pembaruan rutin.
14;Silent Hill 2;Horor, Adventure;PS5;2024;Konami;Inggris, Jepang;Remake dari game horor klasik dengan grafis yang lebih baik serta teka-teki dan akhir cerita yang baru.
15;Forspoken;Action, RPG;PS5;17 Desember 2024;Square Enix;Inggris, Jepang;Mengisahkan perjalanan Frey, seorang gadis dari New York yang terjebak di dunia magis bernama Athia.
16;Sonic Frontiers;Adventure, Platformer;PS4, PS5;17 Desember 2024;SEGA;Inggris, Jepang;Membawa Sonic ke lima pulau besar dalam dunia terbuka, menawarkan pengalaman baru dengan tantangan klasik khas Sonic.
17;Star Wars: Tales from the Galaxy’s Edge;Adventure, VR;PS VR2;17 Desember 2024;ILMxLAB;Inggris;Pengalaman imersif di dunia Star Wars, memungkinkan pemain berperan sebagai Jedi dan pemburu hadiah.
18;A Space for the Unbound;Adventure;PS4, PS5;17 Desember 2024;Toge Productions;Indonesia, Inggris;Game petualangan emosional berlatar Indonesia, mengeksplorasi tema remaja dan unsur supranatural.
19;Coffee Talk;Simulation, Visual Novel;PS4, PS5;17 Desember 2024;Toge Productions;Inggris;Nikmati obrolan santai sambil menyajikan kopi dalam game novel visual yang menenangkan.
20;Jurassic World Evolution 2;Simulation, Strategy;PS4, PS5;17 Desember 2024;Frontier Developments;Inggris;Bangun taman dinosaurus impianmu dengan berbagai spesies dan tantangan manajemen.
21;Split Fiction;Action, Adventure;PS5;2025;Belum Diketahui;Inggris;Game aksi-petualangan yang membawa pemain ke dunia fiksi unik dengan cerita bercabang. Pemain akan menjelajahi berbagai realitas, memecahkan misteri, dan menghadapi pertarungan dinamis dengan mekanisme yang inovatif.
22;Monster Hunter Wilds;Action, RPG;PS5;28 Februari 2025;Capcom;Inggris, Jepang;Game berburu monster terbaru dari seri Monster Hunter. Pemain akan menjelajahi dunia luas yang penuh dengan ekosistem dinamis, menghadapi monster raksasa dengan berbagai strategi, serta menggunakan senjata dan perlengkapan yang bisa dikembangkan.
23;WWE 2K25;Sports, Wrestling;PS5;2025;2K Sports;Inggris;Game gulat profesional terbaru yang menghadirkan daftar pegulat terkini dari WWE. Pemain bisa membuat karakter sendiri, bertanding dalam berbagai mode permainan, dan merasakan pengalaman realistis dengan animasi dan kontrol yang lebih halus.
24;Suikoden I&II HD Remaster Gate Rune and Dunan Unification Wars;RPG;PS5;2025;Konami;Inggris, Jepang;Remaster dari dua game legendaris Suikoden yang menghadirkan grafis yang diperbarui, musik remaster, dan fitur gameplay tambahan. Pemain akan mengikuti kisah pahlawan muda yang memimpin pasukan dalam perang besar dan mengumpulkan 108 karakter legendaris.
25;PGA TOUR 2K25;Sports, Golf;PS5;2025;2K Sports;Inggris;Game simulasi golf realistis dengan berbagai lapangan resmi dari PGA Tour. Pemain dapat membuat karakter sendiri, meningkatkan keterampilan, dan berkompetisi dalam turnamen untuk menjadi juara golf terbaik di dunia.
26;Like a Dragon: Pirate Yakuza in Hawaii;Action, Adventure;PS5;2025;SEGA;Inggris, Jepang;Seri terbaru dari Like a Dragon yang membawa pemain ke petualangan baru di Hawaii. Dengan elemen dunia terbuka dan pertarungan khas Yakuza, pemain akan menjelajahi kota-kota tropis, menjalankan misi sampingan unik, dan menghadapi musuh dalam pertarungan berbasis aksi.
27;Age of Mythology: Retold;Strategy, Mythology;PS5;2025;Microsoft;Inggris;Remake dari game strategi klasik yang berlatar di dunia mitologi. Pemain bisa memimpin peradaban mitologis seperti Yunani, Mesir, dan Norse, menggunakan kekuatan dewa, serta bertarung dalam pertempuran skala besar untuk menguasai dunia.
28;Kingdom Come: Deliverance;RPG, Open World;PS5;2025;Warhorse Studios;Inggris;Game RPG dunia terbuka yang menghadirkan pengalaman realistis di abad pertengahan. Pemain akan berperan sebagai seorang petani yang harus bertahan hidup di dunia penuh konflik, menggunakan keterampilan bertarung dan diplomasi untuk menentukan nasibnya.
29;Two Point Museum;Simulation, Management;PS5;2025;SEGA;Inggris;Game simulasi di mana pemain membangun dan mengelola museum unik. Pemain bisa mendesain pameran, menarik pengunjung, mengatur keuangan, dan menciptakan museum impian dengan berbagai koleksi bersejarah atau fiksi.
30;Sugardew Island;Adventure, Simulation;PS5;2025;Belum Diketahui;Inggris;Game petualangan simulasi santai di pulau tropis yang menawarkan berbagai aktivitas seperti bertani, memancing, berinteraksi dengan penduduk, dan menjelajahi rahasia pulau yang tersembunyi.
31;Freedom Wars Remastered;RPG, Action;PS5, PC;9 Januari 2025;Sony Interactive Entertainment;Inggris;Remaster dari game klasik PS Vita yang berlatar di dunia futuristik di mana pemain harus berjuang untuk kebebasan mereka. Dengan grafis 4K dan gameplay yang ditingkatkan, pemain menghadapi misi-misi menantang untuk menyelamatkan warga yang diculik dan mengurangi hukuman mereka.
32;Dreaming Isles;Simulation, Farming;PS5, PC;13 Januari 2025;Indie Developer;Inggris;Game simulasi pertanian yang menenangkan di pulau terapung dengan grafis indah. Pemain dapat menanam tanaman, beternak hewan, dan berinteraksi dengan penduduk pulau lainnya.
33;Airborne Empire;Strategy, City-Building;PS5, PC;13 Januari 2025;Indie Developer;Inggris;Game strategi membangun kota di langit, di mana pemain harus mengelola sumber daya, membangun infrastruktur, dan mempertahankan kota terapung mereka dari ancaman eksternal.
34;Hyper Light Breaker;Action, Adventure;PS5, PC;14 Januari 2025;Heart Machine;Inggris;Sekuel dari Hyper Light Drifter yang menawarkan pengalaman co-op dengan dunia terbuka luas dan pertarungan intens. Pemain menjelajahi lingkungan yang berbahaya dan menghadapi musuh yang menantang.
35;Aloft;Simulation, Survival;PS5, PC;15 Januari 2025;Indie Developer;Inggris;Game bertahan hidup di pulau terapung di langit, di mana pemain harus mengumpulkan sumber daya, membangun tempat tinggal, dan menghadapi tantangan alam.
36;Assetto Corsa EVO;Racing, Simulation;PS5, PC;16 Januari 2025;Kunos Simulazioni;Inggris;Seri terbaru dari game balap realistis yang menawarkan pengalaman mengemudi mendalam dengan grafis yang lebih baik dan fisika kendaraan yang lebih akurat.
37;Mecha Break;Shooter, Mecha;PS5, Xbox Series X/S, PC;Musim Semi 2025;Amazing Seasun Games;Inggris, Jepang;Game shooter mecha yang menawarkan pertempuran tim online dengan berbagai mode permainan. Pemain dapat memilih dari berbagai kelas mecha dan berpartisipasi dalam pertempuran 3v3, 6v6, dan PvPvE.
38;Mandragora;RPG, Metroidvania;PS5, PS4, Xbox Series X/S, Xbox One, PC;2025;Primal Game Studio;Inggris;Game yang menggabungkan elemen metroidvania dan soulslike, menawarkan dunia gelap yang penuh tantangan dan musuh tangguh. Pemain menjelajahi lingkungan yang saling terhubung dan mengembangkan karakter mereka.
39;Nivalis;Simulation, Life;PS5, PS4, Xbox Series X/S, Xbox One, PC;2025;Ion Lands;Inggris;Game simulasi kehidupan di kota futuristik, di mana pemain dapat menjalankan bisnis, berinteraksi dengan karakter lain, dan menjelajahi dunia cyberpunk yang menawan.
40;Ratatan;Rhythm, Roguelike;PS5, PS4, Nintendo Switch, PC;2025;Ratata Arts;Inggris;Penerus spiritual dari Patapon yang menggabungkan elemen ritme dan roguelike. Pemain akan memimpin pasukan kecil melalui pertempuran yang disinkronkan dengan musik, menghadapi tantangan yang dihasilkan secara prosedural.
41;Final Fantasy VII;RPG;PlayStation, PC;31 Januari 1997;SquareSoft;Inggris, Jepang;Game RPG legendaris yang mengikuti perjalanan Cloud Strife dan kelompoknya dalam menggagalkan rencana jahat Shinra dan Sephiroth.
42;Metal Gear Solid;Action, Stealth;PlayStation;03-Sep-98;Konami;Inggris, Jepang;Game aksi-stealth yang mengikuti Solid Snake dalam misinya untuk menghentikan kelompok teroris FOXHOUND yang mengancam dunia dengan Metal Gear REX.
43;Resident Evil 2;Survival Horror;PlayStation, PC, Nintendo 64, Dreamcast;21 Januari 1998;Capcom;Inggris, Jepang;Kisah Leon S. Kennedy dan Claire Redfield dalam bertahan hidup dari serangan zombie di kota Raccoon yang telah terinfeksi virus mematikan.
44;Parasite Eve;Action RPG, Horror;PlayStation;29 Maret 1998;SquareSoft;Inggris, Jepang;Menggabungkan elemen RPG dan survival horror, game ini mengikuti petualangan Aya Brea, seorang polisi yang menghadapi makhluk mutasi di kota New York.
45;MediEvil;Action, Adventure;PlayStation;9 Oktober 1998;Sony Computer Entertainment;Inggris;Game aksi-petualangan yang mengikuti perjalanan Sir Daniel Fortesque, seorang ksatria yang bangkit dari kematian untuk mengalahkan penyihir jahat Zarok.
46;Chrono Cross;RPG;PlayStation;18-Nov-99;SquareSoft;Inggris, Jepang;RPG dengan sistem dimensi paralel yang mengikuti perjalanan Serge dalam mengungkap rahasia dunianya dan nasib yang mengikatnya dengan seorang gadis misterius.
47;Tony Hawk's Pro Skater;Sports;PlayStation, N64, Dreamcast, PC;29-Sep-99;Activision;Inggris;Game skateboard yang memungkinkan pemain mengendalikan skateboarder profesional dan melakukan trik-trik luar biasa di berbagai level menantang.
48;Fear Effect;Action, Adventure;PlayStation;31 Maret 2000;Eidos Interactive;Inggris;Game aksi-petualangan dengan gaya sinematik dan grafis cel-shaded, mengikuti perjalanan Hana Tsu-Vachel dalam dunia kriminal penuh intrik dan misteri.
49;Bushido Blade;Fighting, Action;PlayStation;14 Maret 1997;SquareSoft;Inggris, Jepang;Game pertarungan unik tanpa health bar, di mana pertarungan bisa berakhir dalam satu tebasan jika pemain berhasil menyerang titik vital lawan.
50;Ape Escape;Platformer, Action;PlayStation;31 Mei 1999;Sony Computer Entertainment;Inggris, Jepang;Game pertama yang menggunakan DualShock sebagai kontrol utama, di mana pemain menangkap monyet-monyet liar menggunakan berbagai alat unik.
51;Suikoden II;RPG;PlayStation;17 Desember 1998;Konami;Inggris, Jepang;RPG klasik yang mengikuti kisah persahabatan dan pengkhianatan di tengah perang antara dua kerajaan, dengan lebih dari 100 karakter yang bisa direkrut.
52;Castlevania: Symphony of the Night;Metroidvania, Action;PlayStation, Sega Saturn;20 Maret 1997;Konami;Inggris, Jepang;Alucard, putra Dracula, menjelajahi kastil ayahnya yang penuh dengan monster dan rahasia dalam salah satu game Metroidvania terbaik sepanjang masa.
53;Vagrant Story;RPG, Action;PlayStation;10 Februari 2000;SquareSoft;Inggris, Jepang;Game action RPG yang mengikuti kisah Ashley Riot, seorang agen elit yang menyelidiki kerajaan misterius Leá Monde dan menghadapi konspirasi besar.
54;Gran Turismo 2;Racing, Simulation;PlayStation;11 Desember 1999;Sony Computer Entertainment;Inggris, Jepang;Game balapan realistis dengan ratusan mobil dan trek, serta mode simulasi yang menawarkan pengalaman berkendara mendalam dan berbagai tantangan.
55;Crash Team Racing;Racing, Arcade;PlayStation;30-Sep-99;Naughty Dog;Inggris;Game balapan kart yang menampilkan karakter dari dunia Crash Bandicoot, dengan trek penuh jebakan dan item yang bisa digunakan untuk mengalahkan lawan.
56;Ehrgeiz: God Bless the Ring;Fighting, Action;PlayStation;17 Desember 1998;SquareSoft;Inggris, Jepang;Game pertarungan 3D yang menampilkan karakter dari Final Fantasy VII serta mode RPG petualangan tambahan.
57;Ridge Racer Type 4;Racing;PlayStation;3 Desember 1998;Namco;Inggris, Jepang;Game balap arcade yang menghadirkan grafis lebih halus dan mode cerita yang memungkinkan pemain bergabung dengan berbagai tim balap.
58;Dino Crisis;Survival Horror, Action;PlayStation, Dreamcast, PC;1 Juli 1999;Capcom;Inggris, Jepang;Game survival horror dari pencipta Resident Evil, tetapi dengan dinosaurus sebagai musuh utama dalam lingkungan yang penuh teka-teki dan aksi mendebarkan.
59;Legacy of Kain: Soul Reaver;Action, Adventure;PlayStation, Dreamcast, PC;16 Agustus 1999;Eidos Interactive;Inggris;Pemain mengendalikan Raziel, seorang vampir yang dibangkitkan sebagai wraith, dalam perjalanan balas dendam melawan mantan tuannya, Kain.
60;Wild Arms;RPG;PlayStation;20 Desember 1996;Sony Computer Entertainment;Inggris, Jepang;RPG dengan tema koboi dan dunia futuristik yang mengikuti sekelompok petualang dalam menyelamatkan dunia Filgaia dari ancaman kuno.
61;Tenchu: Stealth Assassins;Stealth, Action;PlayStation;26 Februari 1998;Sony Music Entertainment;Inggris, Jepang;Game stealth ninja yang memungkinkan pemain menjalankan misi sebagai Rikimaru atau Ayame dalam dunia Jepang feodal yang berbahaya.
62;Digimon World;RPG, Simulation;PlayStation;28 Januari 1999;Bandai;Inggris, Jepang;Game simulasi dan RPG di mana pemain membesarkan Digimon mereka, melatihnya, dan bertarung untuk menyelamatkan Digital World dari ancaman jahat.
63;Spider-Man;Action, Adventure;PlayStation;30 Agustus 2000;Activision;Inggris;Game aksi yang memungkinkan pemain mengendalikan Spider-Man dalam menjelajahi kota, melawan musuh ikonik, dan menghentikan berbagai kejahatan.
64;The Misadventures of Tron Bonne;Action, Puzzle;PlayStation;30 Juli 1999;Capcom;Inggris, Jepang;Spin-off dari seri Mega Man Legends yang mengikuti Tron Bonne dalam petualangan unik sebagai pencuri dan pemimpin kelompok robot kecil, Servbots.
65;Alundra;RPG, Action;PlayStation;11-Apr-97;Sony Computer Entertainment;Inggris, Jepang;RPG aksi dengan elemen puzzle yang mengikuti perjalanan Alundra, seorang pemimpi yang bisa memasuki mimpi orang lain dan harus menghentikan mimpi buruk misterius.
66;Legend of Legaia;RPG;PlayStation;29 Oktober 1998;Sony Computer Entertainment;Inggris, Jepang;RPG klasik yang mengikuti perjalanan tiga pahlawan dalam menyelamatkan dunia dari kabut misterius yang mengubah makhluk menjadi monster jahat.
67;Pepsiman;Action, Runner;PlayStation;4 Maret 1999;Kid, Inc.;Jepang;Game aksi unik di mana pemain mengendalikan Pepsiman, maskot Pepsi, berlari melewati berbagai rintangan untuk mengantarkan minuman kepada orang yang haus.
68;Klonoa: Door to Phantomile;Platformer, Adventure;PlayStation;11 Desember 1997;Namco;Inggris, Jepang;Game platformer dengan elemen 2.5D yang mengikuti perjalanan Klonoa dan temannya Huepow dalam menyelamatkan dunia Phantomile dari mimpi buruk.
69;Gex: Enter the Gecko;Platformer, Action;PlayStation, N64, PC;24 Februari 1998;Midway, Crystal Dynamics;Inggris;Game platformer 3D di mana pemain mengendalikan Gex, seekor tokek humoris, dalam menjelajahi dunia bertema televisi yang penuh referensi budaya pop.
70;Tomba! 2: The Evil Swine Return;Platformer, Adventure;PlayStation;28 Oktober 1999;Whoopee Camp;Inggris, Jepang;Sekuel dari Tomba!, di mana pemain kembali mengendalikan Tomba dalam petualangan melawan babi jahat untuk menyelamatkan teman masa kecilnya.
71;Xenogears;RPG;PlayStation;11 Februari 1998;SquareSoft;Inggris, Jepang;RPG epik dengan cerita filosofis yang dalam, mengikuti perjalanan Fei Fong Wong dalam mengungkap rahasia dunianya dan menghadapi konflik antara manusia dan mesin.
72;Vigilante 8;Vehicular Combat;PlayStation, N64, Dreamcast;2 Juni 1998;Activision;Inggris;Game pertempuran kendaraan dengan aksi eksplosif, di mana pemain bertarung menggunakan berbagai mobil yang dilengkapi senjata berat.
73;Rival Schools: United by Fate;Fighting;PlayStation, Arcade;30 Oktober 1997;Capcom;Inggris, Jepang;Game pertarungan unik dengan karakter yang berasal dari berbagai sekolah menengah di Jepang, masing-masing memiliki gaya bertarung khas.
74;Driver;Racing, Action;PlayStation, PC;25 Juni 1999;GT Interactive;Inggris;Game balapan aksi di mana pemain berperan sebagai Tanner, seorang polisi yang menyamar sebagai sopir bagi kelompok kriminal untuk mengungkap jaringan mereka.
75;Breath of Fire IV;RPG;PlayStation, PC;10-Apr-00;Capcom;Inggris, Jepang;Game RPG yang mengikuti perjalanan Ryu, seorang pemuda dengan kemampuan berubah menjadi naga, dalam menyelamatkan dunia dari perang dan kekuatan jahat.
76;Dino Crisis 2;Survival Horror, Action;PlayStation;13-Sep-00;Capcom;Inggris, Jepang;Sekuel dari Dino Crisis yang lebih berfokus pada aksi, di mana pemain menghadapi gerombolan dinosaurus dengan berbagai senjata di dunia yang penuh ketegangan.
77;Fighting Force;Beat 'em Up, Action;PlayStation, PC;10 Oktober 1997;Core Design;Inggris;Game beat 'em up 3D yang memungkinkan pemain bertarung melawan musuh menggunakan berbagai serangan dan senjata di lingkungan interaktif.
78;Rayman 2: The Great Escape;Platformer, Adventure;PlayStation, N64, PC, Dreamcast;29 Oktober 1999;Ubisoft;Inggris, Jepang;Game platformer 3D di mana Rayman harus menyelamatkan teman-temannya dan menghentikan pasukan robot bajak laut yang menguasai dunianya.
79;Tony Hawk's Pro Skater 2;Sports, Skateboarding;PlayStation, N64, PC, Dreamcast;20-Sep-00;Activision;Inggris;Sekuel dari game skateboard populer yang menawarkan kontrol yang lebih halus, trik baru, dan mode pembuatan taman skate sendiri.
80;Silent Bomber;Action, Shooter;PlayStation;22 Juli 1999;Bandai;Inggris, Jepang;Game aksi dengan mekanik unik di mana pemain menggunakan bom untuk menyerang musuh dan menyelesaikan berbagai misi penuh tantangan.
81;Marvel vs. Capcom: Clash of Super Heroes;Fighting;PlayStation, Arcade, Dreamcast;23-Sep-98;Capcom;Inggris, Jepang;Game pertarungan crossover yang menggabungkan karakter dari dunia Marvel dan Capcom dalam pertempuran cepat dan penuh aksi.
82;Soul Reaver 2;Action, Adventure;PlayStation, Dreamcast, PC;20 Oktober 2000;Eidos Interactive;Inggris;Sekuel dari Legacy of Kain: Soul Reaver yang mengikuti Raziel dalam perjalanannya melintasi waktu untuk mengungkap kebenaran tentang takdirnya.
83;Future Cop: LAPD;Shooter, Action;PlayStation, PC;31 Agustus 1998;Electronic Arts;Inggris;Game aksi yang memungkinkan pemain mengendalikan robot polisi LAPD masa depan yang bisa berubah menjadi mobil dan bertarung melawan penjahat di kota futuristik.
84;Crash Bash;Party, Minigames;PlayStation;06-Nov-00;Sony Computer Entertainment;Inggris;Game party berbasis minigame dalam dunia Crash Bandicoot, di mana pemain dapat bersaing dalam berbagai tantangan yang seru dan kompetitif.
85;Tenchu 2: Birth of the Stealth Assassins;Stealth, Action;PlayStation;30 Agustus 2000;Sony Computer Entertainment;Inggris, Jepang;Sekuel dari Tenchu yang mengisahkan masa lalu Rikimaru dan Ayame dalam menghadapi ancaman baru di dunia ninja yang penuh intrik dan strategi stealth.
86;Front Mission 3;Tactical RPG;PlayStation;09-Sep-99;SquareSoft;Inggris, Jepang;Game strategi berbasis giliran yang berlatar masa depan dengan pertempuran antar mech (Wanzer) dalam konflik politik dan militer yang kompleks.
87;Rollcage;Racing, Combat;PlayStation, PC;20 Oktober 1999;Psygnosis;Inggris;Game balapan futuristik di mana kendaraan dapat melaju di dinding dan atap, dengan elemen pertempuran menggunakan senjata yang tersedia di lintasan.
88;Bust-A-Groove;Rhythm, Dance;PlayStation;17-Sep-98;Enix;Inggris, Jepang;Game ritme yang menggabungkan elemen pertarungan dansa, di mana pemain harus mengikuti irama dan mengeksekusi gerakan untuk mengalahkan lawan.
89;Omega Boost;Shooter, Mecha;PlayStation;10 Juni 1999;Sony Computer Entertainment;Inggris, Jepang;Game aksi shooter dengan pertempuran luar angkasa menggunakan mecha canggih, dengan efek visual spektakuler dan gameplay cepat.
90;Loaded;Top-Down Shooter;PlayStation, Sega Saturn;13 Desember 1995;Gremlin Interactive;Inggris;Game aksi penembak brutal dengan sudut pandang atas, menampilkan karakter unik yang melawan musuh dengan berbagai senjata dalam dunia penuh kekacauan.
91;Koudelka;RPG, Horror;PlayStation;16 Desember 1999;SNK;Inggris, Jepang;RPG horor dengan elemen taktik, yang mengikuti perjalanan Koudelka, seorang wanita dengan kemampuan supranatural, di dalam biara yang dihantui rahasia gelap.
92;Blaster Master: Blasting Again;Action, Metroidvania;PlayStation;15-Nov-00;Sunsoft;Inggris, Jepang;Sekuel dari Blaster Master yang menghadirkan eksplorasi dunia bawah tanah dengan kendaraan tempur Sophia dan pertarungan bos yang menantang.
93;Incredible Crisis;Puzzle, Minigames;PlayStation;18-Nov-99;Titus;Inggris, Jepang;Game unik yang mengisahkan keseharian sebuah keluarga Jepang dalam menghadapi serangkaian kejadian aneh melalui berbagai minigame yang kocak dan mendebarkan.
94;Final Fantasy X;RPG;PlayStation 2;19 Juli 2001;SquareSoft;Inggris, Jepang;Mengisahkan perjalanan Tidus dan Yuna dalam menghentikan ancaman Sin di dunia Spira dengan sistem pertarungan berbasis giliran yang inovatif.
95;Devil May Cry;Action, Hack and Slash;PlayStation 2;23 Agustus 2001;Capcom;Inggris, Jepang;Game aksi cepat di mana pemain mengendalikan Dante, seorang pemburu iblis, dalam pertempuran intens dengan berbagai senjata dan kemampuan unik.
96;Jak and Daxter: The Precursor Legacy;Platformer, Adventure;PlayStation 2;3 Desember 2001;Sony Computer Entertainment;Inggris;Game platformer petualangan yang mengikuti Jak dan sahabatnya, Daxter, dalam eksplorasi dunia yang penuh misteri dan tantangan.
97;Silent Hill 2;Survival Horror;PlayStation 2, Xbox, PC;24-Sep-01;Konami;Inggris, Jepang;James Sunderland mencari istrinya di kota Silent Hill yang penuh dengan kegelapan dan makhluk mengerikan dalam cerita psikologis yang mendalam.
98;Onimusha: Warlords;Action, Adventure;PlayStation 2;25 Januari 2001;Capcom;Inggris, Jepang;Game aksi samurai di mana pemain mengendalikan Samanosuke dalam pertempuran melawan iblis untuk menyelamatkan seorang putri.
99;Max Payne;Shooter, Action;PlayStation 2, Xbox, PC;23 Juli 2001;Rockstar Games;Inggris;"Sebuah kisah noir tentang seorang polisi yang membalas dendam setelah keluarganya dibunuh, dengan mekanik ""bullet time"" yang ikonik."
100;Kingdom Hearts;Action RPG;PlayStation 2;28 Maret 2002;Square Enix;Inggris, Jepang;Petualangan Sora dalam dunia Disney dan Final Fantasy untuk menyelamatkan teman-temannya dari kegelapan dengan bantuan Donald dan Goofy.
101;Ratchet & Clank;Platformer, Shooter;PlayStation 2;04-Nov-02;Sony Computer Entertainment;Inggris;Game aksi-platformer yang mengikuti perjalanan Ratchet dan robot sahabatnya, Clank, dalam menyelamatkan galaksi dari ancaman besar.
102;TimeSplitters 2;First-Person Shooter;PlayStation 2, Xbox, GameCube;9 Oktober 2002;Eidos Interactive;Inggris;Game FPS dengan perjalanan waktu, memungkinkan pemain bertarung di berbagai era sejarah melawan musuh yang unik.
103;Fatal Frame;Survival Horror;PlayStation 2, Xbox;13 Desember 2001;Tecmo;Inggris, Jepang;Game horor di mana pemain menggunakan kamera khusus untuk melawan hantu yang menghantui sebuah rumah misterius.
104;SOCOM U.S. Navy SEALs;Tactical Shooter;PlayStation 2;27 Agustus 2002;Sony Computer Entertainment;Inggris;Pemain memimpin pasukan elit SEAL dalam berbagai misi rahasia global yang menuntut strategi, koordinasi, dan ketepatan dalam eksekusi.
105;Virtua Fighter 4;Fighting;PlayStation 2, Arcade;8 Agustus 2002;Sega;Inggris, Jepang;Game pertarungan 3D dengan sistem pertarungan realistis dan karakter-karakter dengan gaya bela diri unik.
106;Red Faction;First-Person Shooter;PlayStation 2, PC;22 Mei 2001;THQ;Inggris;Berlatar di Mars, pemain berperan sebagai penambang yang memberontak melawan perusahaan penindas menggunakan senjata dan lingkungan yang dapat dihancurkan.
107;Burnout;Racing;PlayStation 2, GameCube, Xbox;01-Nov-01;Acclaim Entertainment;Inggris;Game balap penuh aksi dengan penekanan pada kecepatan tinggi dan tabrakan spektakuler.
108;Twisted Metal: Black;Vehicular Combat;PlayStation 2;18 Juni 2001;Sony Computer Entertainment;Inggris;Pemain mengendalikan kendaraan bersenjata dalam turnamen mematikan untuk bertahan hidup dan mengungkap kisah karakter-karakter kelam.
109;The Bouncer;Beat 'em up;PlayStation 2;26 Desember 2000 (JP), 2001 (WW);SquareSoft;Inggris, Jepang;Game aksi sinematik di mana tiga penjaga klub malam menghadapi organisasi jahat untuk menyelamatkan teman mereka.
110;Baldur's Gate: Dark Alliance;Action RPG;PlayStation 2, Xbox;2 Desember 2001;Interplay Entertainment;Inggris;RPG aksi berlatar dunia Dungeons & Dragons dengan mode kooperatif dan pertarungan real-time yang intens.
111;SSX Tricky;Sports (Snowboarding);PlayStation 2, GameCube, Xbox;05-Nov-01;EA Sports BIG;Inggris;Game seluncur salju bergaya arcade dengan karakter penuh gaya dan trik-trik ekstrem di berbagai lintasan menantang.
112;Star Wars: Jedi Starfighter;Flight Combat;PlayStation 2, Xbox;10 Maret 2002;LucasArts;Inggris;Pemain mengendalikan pesawat tempur dalam konflik galaksi sebelum Perang Klon dengan misi berbasis cerita.
113;Rayman Arena;Platformer, Racing;PlayStation 2, GameCube, Xbox;25-Nov-02;Ubisoft;Inggris;Game balap dan pertarungan multiplayer yang menampilkan karakter Rayman dan kawan-kawannya dalam berbagai mode kompetitif.
114;WWE SmackDown! Just Bring It;Fighting, Sports;PlayStation 2;18-Nov-01;THQ;Inggris;Game gulat profesional pertama di PS2, menampilkan banyak superstar WWE dengan mode cerita dan pertarungan ganda yang mendalam.
115;Turok: Evolution;First-Person Shooter;PlayStation 2, Xbox, GameCube;26 Agustus 2002;Acclaim Entertainment;Inggris;Pemain melawan dinosaurus dan makhluk prasejarah lainnya dalam dunia yang brutal dengan berbagai senjata futuristik.
116;The Thing;Survival Horror;PlayStation 2, Xbox, PC;20 Agustus 2002;Vivendi Universal;Inggris;Sekuel tidak langsung dari film horor klasik, pemain menghadapi makhluk alien yang bisa menyamar dan menciptakan paranoia di antara kru.
117;Headhunter;Action, Stealth;PlayStation 2, Dreamcast;30-Nov-01;Sega;Inggris;Game aksi-petualangan futuristik di mana pemain menjadi pemburu hadiah yang harus mengungkap konspirasi besar di masa depan.
118;Dark Cloud;Action RPG;PlayStation 2;18 Desember 2000 (JP), 2001 (WW);Sony Computer Entertainment;Inggris, Jepang;RPG unik yang menggabungkan pertarungan dungeon dan pembangunan kota, mengikuti petualangan Toan menyelamatkan dunia.
119;Summoner;RPG;PlayStation 2, PC;20 Oktober 2000 (NA), 2001 (EU);THQ;Inggris;Pemain berperan sebagai pemanggil mistis yang terlibat dalam konflik kerajaan dan harus menguasai kekuatan kuno untuk mengubah nasib dunia.
120;The Getaway;Action, Adventure;PlayStation 2;11 Desember 2002;Sony Computer Entertainment;Inggris;Sebuah game aksi dengan nuansa film gangster, berlatar di London, di mana pemain menjalani kisah kriminal dari dua sudut pandang berbeda.
121;Klonoa 2: Lunatea’s Veil;Platformer;PlayStation 2;22 Maret 2001;Namco;Inggris, Jepang;Game platformer penuh warna dan cerita emosional yang mengikuti petualangan Klonoa di dunia mimpi yang misterius.
122;Rez;Rail Shooter, Music;PlayStation 2, Dreamcast;22-Nov-01;Sega;Inggris, Jepang;Shooter berbasis musik futuristik dengan visual gaya cyber dan soundtrack elektronik yang sinkron dengan aksi pemain.
123;Monsters, Inc. Scream Team;Platformer;PlayStation, PS2;2001;Sony Computer Entertainment;Inggris;"Berdasarkan film Pixar, pemain menjalani pelatihan untuk menjadi ""scarer"" profesional dalam berbagai misi lucu dan menantang."
124;Legacy of Kain: Soul Reaver 2;Action, Adventure;PlayStation 2, PC;30 Oktober 2001;Eidos Interactive;Inggris;Pemain berperan sebagai Raziel dalam perjalanan lintas waktu untuk mengungkap rahasia takdirnya dalam dunia vampir gelap.
125;Midnight Club: Street Racing;Racing;PlayStation 2, Game Boy Advance;26 Oktober 2000 (PS2), 2001 (GBA);Rockstar Games;Inggris;Balapan liar di jalanan kota besar seperti New York dan London, dengan kendaraan kustom dan misi penuh aksi.
126;Herdy Gerdy;Platformer, Puzzle;PlayStation 2;26 Februari 2002;Eidos Interactive;Inggris;Gerdy, seorang anak gembala, harus menyelamatkan dunia dari kegelapan dengan menggiring makhluk-makhluk aneh secara strategis.
127;Armored Core 3;Mecha, Action;PlayStation 2;05-Apr-02;FromSoftware;Inggris, Jepang;Pemain mengendalikan robot raksasa (mecha) yang dapat dikustomisasi penuh untuk bertarung dalam misi-misi taktis melawan organisasi militer.
128;ESPN International Track & Field;Sports;PlayStation 2, Dreamcast;17 Juli 2001;Konami;Inggris;Game olahraga yang mencakup berbagai cabang atletik seperti sprint, lompat jauh, dan lempar lembing.
129;Stretch Panic;Action, Platformer;PlayStation 2;27 Juli 2001;Treasure;Inggris, Jepang;Pemain mengontrol Linda, gadis dengan syal hidup, dalam petualangan melawan bos aneh di dunia surealis.
130;Star Wars: Racer Revenge;Racing;PlayStation 2;11 Februari 2002;LucasArts;Inggris;Sekuel dari game Episode I Racer, pemain membalap pod dalam turnamen berbahaya di berbagai planet ikonik dari dunia Star Wars.
131;MotoGP;Racing, Simulation;PlayStation 2;2002;Namco;Inggris;Game balap motor realistis yang menghadirkan lisensi resmi MotoGP, dengan banyak sirkuit dan pembalap ternama.
132;Prisoner of War;Stealth, Adventure;PlayStation 2, Xbox, PC;5 Juli 2002;Codemasters;Inggris;Pemain berperan sebagai tentara Sekutu yang ditahan, dan harus menggunakan strategi dan penyamaran untuk kabur dari kamp tahanan musuh.
133;Wipeout Fusion;Racing, Sci-Fi;PlayStation 2;6 Maret 2002;Sony Computer Entertainment;Inggris;Game balapan futuristik dengan kecepatan tinggi dan senjata canggih di lintasan gravitasi rendah yang ekstrem.
134;Maximo: Ghosts to Glory;Action, Platformer;PlayStation 2;12 Februari 2002;Capcom;Inggris;Game aksi-petualangan bergaya klasik dengan karakter Maximo yang melawan pasukan undead untuk menyelamatkan dunia dan kekasihnya.
135;Dynasty Warriors 3;Hack and Slash;PlayStation 2;27-Sep-01;Koei;Inggris, Jepang;Pemain bertarung melawan ribuan musuh di medan perang Tiongkok kuno, dengan karakter-karakter historis legendaris.
136;Dropship: United Peace Force;Flight Combat, Shooter;PlayStation 2;11 Maret 2002;Sony Computer Entertainment;Inggris;Game simulasi pertempuran udara futuristik dengan elemen strategi dan taktik berbasis misi.
137;Grandia II;RPG;Dreamcast, PlayStation 2, PC;2000 (DC), 2002 (PS2);Ubisoft;Inggris;RPG klasik dengan sistem pertarungan berbasis giliran dan kisah petualangan epik menyelamatkan dunia dari kehancuran.
138;Sky Odyssey;Flight Adventure;PlayStation 2;14 November 2000 (NA), 2001 (EU);Activision;Inggris;Game petualangan udara di mana pemain menerbangkan pesawat antik melewati kondisi ekstrem untuk mengumpulkan peta kuno.
139;Blood Omen 2;Action, Adventure;PlayStation 2, Xbox, GameCube, PC;21 Maret 2002;Eidos Interactive;Inggris;Petualangan vampir Kain yang berusaha merebut kembali kekuatannya dan membalas dendam terhadap organisasi jahat.
140;Seek and Destroy;Vehicular Combat;PlayStation 2;2002;Conspiracy Entertainment;Inggris;Game tank tempur yang penuh aksi dengan berbagai kendaraan lapis baja dan peningkatan senjata.
141;Scooby-Doo! Night of 100 Frights;Platformer, Adventure;PlayStation 2, GameCube, Xbox;2002;THQ;Inggris;Pemain mengendalikan Scooby-Doo dalam petualangan menyelesaikan misteri di rumah berhantu sambil menghindari jebakan dan monster.
142;Paris-Dakar Rally;Racing;PlayStation 2, PC;2001;Acclaim Entertainment;Inggris;Game balap reli ekstrem berdasarkan ajang Paris-Dakar yang ikonik, melintasi gurun dan medan berbahaya.
143;Driven;Racing;PlayStation 2, GameCube, Xbox, GBA;2001;BAM! Entertainment;Inggris;Game balap Formula futuristik yang diadaptasi dari film dengan mode karier dan sirkuit menantang.
144;Tenchu: Wrath of Heaven;Stealth, Action;PlayStation 2;5 Desember 2002;FromSoftware, Activision;Inggris;Pemain menjadi ninja Rikimaru atau Ayame, melaksanakan misi rahasia dan diam-diam membasmi musuh dalam dunia feodal Jepang.
145;Tokyo Xtreme Racer Zero;Racing;PlayStation 2;24 Mei 2001;Crave Entertainment;Inggris;Game balap malam di jalan tol Jepang dengan mobil kustom dan rival unik, menampilkan mode karier mendalam.
146;The Bouncer;Beat 'em up, Action;PlayStation 2;6 Maret 2001;Square Enix (dulu Squaresoft);Inggris, Jepang;Sebuah game pertarungan sinematik di mana tiga penjaga klub malam harus menyelamatkan teman mereka dari organisasi jahat.
147;Rayman Arena;Platformer, Racing;PlayStation 2, GameCube;2001;Ubisoft;Inggris;Game spin-off dari Rayman yang berfokus pada balapan dan pertarungan arena dengan karakter ikonik dalam dunia penuh warna.
148;Disney's Donald Duck: Goin' Quackers;Platformer;PS1, PS2, Dreamcast, PC, N64;2000–2001;Ubisoft;Inggris;Donald Duck berpetualang menyelamatkan Daisy dari kejahatan Merlock, sambil melintasi level kartun yang penuh tantangan.
149;Shadow Man: 2econd Coming;Action, Horror;PlayStation 2;30 Oktober 2002;Acclaim Entertainment;Inggris;Sekuel dari Shadow Man, pemain kembali sebagai Michael LeRoi untuk menghentikan kebangkitan iblis dari dunia bayangan.
150;Haven: Call of the King;Action, Adventure;PlayStation 2;2002;Midway Games;Inggris;Petualangan sci-fi dengan gabungan gameplay platformer, shooter, dan eksplorasi dunia terbuka di planet yang penuh misteri.
151;Swing Away Golf;Sports, Golf;PlayStation 2;2001;EA Sports;Inggris;Game golf kasual dengan karakter animasi dan kontrol yang ramah pemain, cocok untuk semua umur.
152;Mad Maestro!;Rhythm, Music;PlayStation 2;2002;Eidos Interactive;Inggris;Pemain menjadi konduktor orkestra, memimpin simfoni dengan menekan tombol sesuai irama demi menyelamatkan gedung konser dari pembongkaran.
153;Stuntman;Driving, Simulation;PlayStation 2;2002;Atari (Infogrames);Inggris;Pemain berperan sebagai stuntman film, menyelesaikan adegan berbahaya seperti kejar-kejaran dan ledakan dalam produksi film Hollywood.
154;Red Faction;First-person Shooter;PlayStation 2, PC, Mac;21 Mei 2001;THQ;Inggris;Game FPS revolusioner dengan fitur “Geo-Mod” yang memungkinkan pemain menghancurkan lingkungan saat memimpin pemberontakan di Mars.
155;Jak and Daxter: The Precursor Legacy;Platformer, Adventure;PlayStation 2;3 Desember 2001;Sony Computer Entertainment;Inggris;Jak dan sahabatnya Daxter menjelajahi dunia penuh teka-teki dan makhluk unik untuk menyelamatkan teman mereka yang berubah bentuk.
156;Crazy Taxi;Racing, Arcade;Dreamcast, PlayStation 2, GameCube;2001 (PS2);SEGA;Inggris;Pemain menjadi sopir taksi gila yang mengantar penumpang secepat dan se-“liar” mungkin sambil melewati lalu lintas kota.
157;Taz: Wanted;Platformer;PlayStation 2, Xbox, GameCube, PC;2002;Infogrames;Inggris;Taz si Iblis Tasmania kabur dari kebun binatang dan mencoba menyelamatkan temannya sambil menghindari jebakan dari karakter Looney Tunes lainnya.
158;Robots;Action, Platformer;PlayStation 2, Xbox, GC, PC;2002;Sierra;Inggris;Berdasarkan film animasi Robots, pemain menjelajahi kota robot dan menghadapi berbagai rintangan sebagai Rodney Copperbottom.
159;Mister Mosquito;Stealth, Simulation;PlayStation 2;2001 (JP), 2002 (NA);Sony;Inggris;Pemain berperan sebagai nyamuk dan harus mengisap darah anggota keluarga tanpa ketahuan dalam rumah penuh rintangan.
160;Reign of Fire;Shooter, Action;PlayStation 2, Xbox, GameCube;2002;BAM! Entertainment;Inggris;Game berdasarkan film Reign of Fire, pemain dapat bermain sebagai manusia atau naga dalam pertempuran pasca-apokaliptik.
161;Salt Lake 2002;Sports, Winter Sports;PlayStation 2, PC;2002;Eidos Interactive;Inggris;Game resmi Olimpiade Musim Dingin Salt Lake City 2002 dengan cabang olahraga seperti ski, bobsleigh, dan snowboarding.
162;The Thing;Survival Horror;PlayStation 2, Xbox, PC;2002;Konami;Inggris;Sekuel tidak resmi dari film horor klasik The Thing, di mana pemain harus bertahan dari makhluk asing di pangkalan Arktik yang penuh ketegangan.
163;Blade II;Action, Beat 'em up;PlayStation 2, Xbox;2002;Activision;Inggris;Pemain mengontrol pemburu vampir Blade dalam pertarungan cepat melawan musuh supernatural menggunakan pedang dan senjata api.
164;Headhunter;Action, Stealth;Dreamcast, PlayStation 2;2001 (DC), 2002 (PS2);Sega;Inggris;Pemain menjadi Jack Wade, pemburu kriminal masa depan, menyusup ke dunia korup penuh konspirasi untuk memulihkan ingatannya dan menghentikan rencana jahat.
165;Vexx;Platformer, Action;PlayStation 2, Xbox, GameCube;Februari 2003 (NA), namun dikembangkan dan diselesaikan akhir 2002;Acclaim;Inggris;Vexx menggunakan cakar sihir untuk bertarung dan melintasi dunia misterius guna membalas dendam atas kematian kakeknya dan menyelamatkan desanya.
166;Pac-Man World 2;Platformer;PlayStation 2, Xbox, GameCube, PC;2002;Namco;Inggris;Pac-Man memulai petualangan baru untuk merebut kembali permata suci yang dicuri dan menyelamatkan dunia dari kejahatan kuno.
167;Zapper: One Wicked Cricket!;Platformer;PlayStation 2, Xbox, GameCube, GBA;2002;Infogrames;Inggris;Seekor jangkrik listrik bernama Zapper harus menyelamatkan saudaranya dan menghadapi berbagai rintangan platformer berwarna-warni.
168;Gauntlet: Dark Legacy;Hack & Slash, RPG;Arcade, PlayStation 2, Xbox, GC;2001 (PS2);Midway Games;Inggris;Pemain menjelajah ruang bawah tanah dan melawan monster dalam mode kooperatif klasik, berbasis seri Gauntlet legendaris.
169;Peter Pan: The Legend of Never Land;Action, Adventure;PlayStation 2;2002;TDK Mediactive;Inggris;Peter Pan harus menyelamatkan anak-anak hilang dan menghentikan Kapten Hook dalam game petualangan penuh sihir dan aksi.
170;Ty the Tasmanian Tiger;Platformer, Action;PlayStation 2, Xbox, GameCube;2002;EA Games;Inggris;Ty menggunakan bumerang sihirnya untuk menyelamatkan teman-teman dan menghentikan ancaman dari makhluk misterius di hutan Australia.
171;Spy Hunter;Vehicular Combat;PlayStation 2, Xbox, GameCube, PC;2001;Midway;Inggris;Pemain mengendalikan mobil bersenjata canggih dan menyelesaikan misi spionase berbahaya di seluruh dunia.
172;Shifters;Action RPG;PlayStation 2;2002;3DO;Inggris;Game RPG aksi dengan kemampuan untuk berubah bentuk menjadi makhluk yang berbeda, melintasi dunia aneh untuk menyelamatkan umat manusia.
173;Eternal Ring;RPG, First-person;PlayStation 2;2000 (JP), 2001 (NA);FromSoftware;Inggris;Sebagai penyihir muda, pemain menjelajahi pulau mitos untuk mengungkap rahasia dan menciptakan cincin sihir kuat guna melawan kekuatan jahat.
174;SSX Tricky;Sports, Snowboarding;PlayStation 2, GameCube, Xbox;Nov-01;EA Sports BIG;Inggris;Game snowboarding yang penuh gaya dengan karakter unik dan trik ekstrim di berbagai medan salju yang penuh tantangan.
175;Legends of Wrestling;Fighting;PlayStation 2, Xbox, GameCube;Desember 2001;Acclaim Entertainment;Inggris;Pertarungan antara legenda gulat seperti Hulk Hogan dan Bret Hart dalam arena klasik dengan gaya arcade.
176;XIII;Shooter, Action;PlayStation 2, Xbox, PC;2002 (diumumkan), 2003 (rilis);Ubisoft;Inggris;Game FPS bergaya komik cel-shaded, mengikuti kisah seorang pria amnesia yang dituduh membunuh presiden AS.
177;Ferrari F355 Challenge;Racing;PlayStation 2, Dreamcast, Arcade;2001 (PS2);Acclaim Entertainment;Inggris;Simulasi balap realistis yang menampilkan mobil Ferrari F355 di sirkuit dunia nyata.
178;Midnight Club: Street Racing;Racing;PlayStation 2, GBA, PC;Oktober 2001;Rockstar Games;Inggris;Game balap jalanan dunia terbuka di kota besar seperti New York dan London dengan kendaraan modifikasi.
179;The Lord of the Rings: The Two Towers;Action, Hack & Slash;PlayStation 2, Xbox, GBA, GC;2002;EA Games;Inggris;Berdasarkan film populer, pemain bertarung sebagai Aragorn, Legolas, atau Gimli melawan pasukan Sauron.
180;Super Bust-A-Move;Puzzle;PlayStation 2, GBA, GameCube;2001;Taito;Inggris;Game puzzle gelembung klasik dengan gameplay adiktif dan visual cerah untuk segala usia.
181;Silent Scope;Shooter, Rail Shooter;PlayStation 2, Arcade, Xbox;2001;Konami;Inggris;Pemain adalah penembak jitu elite yang menghentikan ancaman teroris di lingkungan kota dari jarak jauh.
182;Herdy Gerdy;Platformer, Puzzle;PlayStation 2;2002;Eidos Interactive;Inggris;Game petualangan unik di mana pemain menggiring makhluk-makhluk lucu untuk memecahkan teka-teki di dunia fantasi.
183;Prisoner of War;Stealth, Adventure;PlayStation 2, Xbox, PC;2002;Codemasters;Inggris;Pemain sebagai tentara sekutu yang harus melarikan diri dari kamp tawanan Nazi menggunakan strategi diam-diam dan kerja tim.
184;Klonoa 2: Lunatea's Veil;Platformer;PlayStation 2;22 Maret 2001;Namco;Inggris;Petualangan magis Klonoa yang menjelajahi dunia Lunatea untuk mengembalikan keseimbangan dan menyatukan kerajaan dengan kekuatan cincin angin.
185;MotoGP;Racing, Sports;PlayStation 2, Xbox, PC;2002;Namco;Inggris;Simulasi balap motor resmi dengan sirkuit dunia nyata dan pembalap profesional dari ajang MotoGP.
186;Summoner;RPG;PlayStation 2, PC;Oktober 2000 (PS2 NA), 2001 (EU);THQ;Inggris;RPG epik di mana pemain adalah penyihir terpilih yang bisa memanggil makhluk legendaris untuk menyelamatkan dunia dari perang kuno.
187;Bloody Roar 3;Fighting;PlayStation 2;2001;Hudson Soft / Konami;Inggris;Pertarungan brutal antara manusia yang bisa berubah menjadi binatang buas dalam arena 3D cepat.
188;Dark Cloud;Action RPG;PlayStation 2;2001;Sony Computer Entertainment;Inggris;Gabungan RPG dan simulasi membangun kota, di mana pemain mengembalikan dunia yang hancur oleh iblis jahat dengan mengumpulkan elemen dan item.
189;Ecco the Dolphin: Defender of the Future;Action, Adventure;Dreamcast, PlayStation 2;2000 (DC), 2002 (PS2);Sega / Acclaim;Inggris;Pemain adalah lumba-lumba futuristik yang bertarung untuk menyelamatkan dunia laut dari alien yang mengancam kehidupan.
190;Star Wars: Starfighter;Flight Combat, Action;PlayStation 2, Xbox, PC;2001;LucasArts;Inggris;Pemain mengendalikan berbagai pesawat tempur dari semesta Star Wars dalam pertempuran luar angkasa intensif.
191;Rayman Arena;Racing, Platformer;PlayStation 2, GameCube, PC;2002;Ubisoft;Inggris;Game balap dan kompetisi arena dengan karakter Rayman dan teman-temannya dalam mode multipemain cepat dan penuh aksi.
192;Driven;Racing;PlayStation 2, GameCube, GBA;2001;BAM! Entertainment;Inggris;Berdasarkan film dengan judul yang sama, game ini menampilkan balapan open-wheel dengan drama dan kecepatan tinggi.
193;Mobile Suit Gundam: Journey to Jaburo;Action, Mecha;PlayStation 2;2001;Bandai;Inggris;Pemain mengendalikan mobile suit Gundam dalam perang antar koloni luar angkasa melawan Zeon dalam skenario anime terkenal.
194;Gungriffon Blaze;Mecha, Action;PlayStation 2;November 2000 (JP), 2001 (NA);Working Designs;Inggris;Pemain mengendalikan mecha tempur berat dalam pertempuran militer futuristik untuk mempertahankan wilayah dari invasi global.
195;Maximo: Ghosts to Glory;Action, Hack & Slash;PlayStation 2;Februari 2002;Capcom;Inggris;Spin-off Ghosts 'n Goblins dalam bentuk 3D, dengan petualangan ksatria Maximo melawan pasukan undead untuk menyelamatkan dunia.
196;Fire Pro Wrestling D;Fighting, Wrestling;Dreamcast (2001), PS2 (JP);2001 (JP);Spike;Inggris;Game gulat legendaris bergaya 2D dengan sistem grappling mendalam dan roster besar pegulat fiktif maupun nyata.
197;NBA Street;Sports, Basketball;PlayStation 2, GameCube;2001;EA Sports BIG;Inggris;Basket jalanan bergaya arcade dengan trik-trik spektakuler dan karakter-karakter penuh kepribadian.
198;Sled Storm;Racing, Snowmobile;PlayStation 2;2002;EA Sports BIG;Inggris;Balap snowmobile di medan ekstrem dengan power-up dan lompatan gila ala game arcade EA lainnya.
199;Pirates: The Legend of Black Kat;Action, Adventure;PlayStation 2, Xbox;2002;EA Games;Inggris;Kapten wanita pemberani menjelajahi laut lepas, melawan bajak laut dan monster, serta mencari harta karun misterius.
200;Monsters, Inc. Scream Team;Platformer, Adventure;PlayStation, PC;2001;Sony Computer Entertainment;Inggris;Berdasarkan film Pixar, pemain mengendalikan Mike dan Sulley dalam pelatihan untuk menjadi ahli menakuti anak-anak.
201;Freekstyle;Racing, Motocross;PlayStation 2, GameCube, GBA;2002;EA Sports BIG;Inggris;Game balap motorcross bergaya ekstrim dengan karakter over-the-top dan lompatan stunt yang menantang hukum fisika.
202;Smuggler’s Run: Warzones;Racing, Action;PlayStation 2;2002;Rockstar Games;Inggris;Pemain menjalankan misi penyelundupan kendaraan cepat dalam area perang, menghindari militer dan polisi.
203;Galerians: Ash;Action, Sci-Fi;PlayStation 2;2002 (JP), 2003 (NA);Sammy Studios;Inggris;Kelanjutan dari Galerians, pemain menggunakan kekuatan psikis untuk melawan makhluk bio-engineered dalam dunia post-apokaliptik.
204;Psi-Ops: The Mindgate Conspiracy;Action, Shooter, Sci-Fi;PlayStation 2, Xbox, PC;Juni 2004;Midway Games;Inggris;Pemain menggunakan kekuatan psionik seperti telekinesis, pyrokinetik, dan mind control untuk mengalahkan musuh dan memecahkan teka-teki.
205;Onimusha 3: Demon Siege;Action, Hack & Slash;PlayStation 2;Apr-04;Capcom;Inggris;Petualangan epik waktu antara masa feodal Jepang dan Paris modern, menampilkan aktor Jean Reno sebagai karakter utama.
206;Prince of Persia: Warrior Within;Action, Adventure;PlayStation 2, Xbox, GameCube, PC;Nov-04;Ubisoft;Inggris;Sekuel gelap dari Sands of Time, di mana sang Pangeran melawan waktu dan monster bayangan untuk menyelamatkan takdirnya.
207;Jak II;Action, Platformer;PlayStation 2;Oktober 2003;Sony Computer Entertainment;Inggris;Jak kembali dengan kemampuan baru, senjata, dan gameplay dunia terbuka dalam petualangan yang lebih dewasa dan penuh aksi.
208;The Suffering;Horror, Action, Shooter;PlayStation 2, Xbox, PC;2004;Midway Games;Inggris;Bertahan hidup dari penjara yang dihantui oleh monster menyeramkan yang mencerminkan dosa-dosa para penghuninya.
209;Kill.Switch;Shooter, Cover-based;PlayStation 2, Xbox, PC;Oktober 2003;Namco;Inggris;Game shooter yang memperkenalkan sistem “cover” modern dengan gameplay taktis dan penuh aksi.
210;Viewtiful Joe;Action, Beat 'em up;PlayStation 2, GameCube;2003 (GC), 2004 (PS2);Capcom;Inggris;Seorang pria biasa berubah menjadi pahlawan super dalam dunia film aksi, dengan kontrol waktu dan efek dramatis ala film klasik.
211;Def Jam: Fight for NY;Fighting;PlayStation 2, Xbox, GameCube;Sep-04;EA Games;Inggris;Game pertarungan jalanan dengan karakter rapper terkenal seperti Snoop Dogg dan Ludacris bertarung di arena bawah tanah.
212;BloodRayne 2;Action, Hack & Slash;PlayStation 2, Xbox, PC;Oktober 2004;Majesco Entertainment;Inggris;Rayne, vampir setengah manusia, kembali untuk memburu saudara-saudaranya dan menggagalkan rencana mereka menaklukkan dunia.
213;Catwoman;Action, Stealth;PlayStation 2, Xbox, GameCube, PC;Juli 2004;EA Games;Inggris;Berdasarkan film Catwoman (2004), pemain menjelajahi kota dan bertarung dengan gaya akrobatik dan stealth sebagai antihero wanita.
214;The Bard’s Tale;RPG, Action;PlayStation 2, Xbox, PC;Oktober 2004;inXile Entertainment;Inggris;Parodi RPG klasik dengan narasi kocak, di mana sang Bard mengejar ketenaran dan kekayaan, bukan menyelamatkan dunia.
215;ShellShock: Nam '67;Shooter, War;PlayStation 2, Xbox, PC;Sep-04;Eidos Interactive;Inggris;FPS realistis berlatar Perang Vietnam, menampilkan brutalitas perang dari sudut pandang prajurit muda.
216;Spyro: A Hero's Tail;Platformer, Adventure;PlayStation 2, Xbox, GameCube;Nov-04;Vivendi Universal;Inggris;Spyro kembali dalam petualangan 3D untuk menghentikan Red Dragon yang ingin menutupi dunia dengan kristal gelap.
217;Vexx;Platformer, Action;PlayStation 2, Xbox, GameCube;Februari 2003;Acclaim Entertainment;Inggris;Vexx bertualang dalam dunia fantasi gelap untuk membalas dendam atas kematian kakeknya dan membebaskan dunia dari tirani Dark Yabu.
218;XIII;Shooter, Cel-shaded;PlayStation 2, Xbox, GameCube, PC;Nov-03;Ubisoft;Inggris;FPS bergaya komik dengan visual cel-shading, mengikuti karakter amnesia yang dituduh membunuh Presiden AS.
219;Tak and the Power of Juju;Platformer;PlayStation 2, GameCube, GBA;Oktober 2003;THQ;Inggris;Anak muda bernama Tak harus menyelamatkan desanya dengan memanfaatkan kekuatan roh alam yang disebut Juju.
220;Chaos Legion;Hack & Slash, Fantasy;PlayStation 2, PC;2003;Capcom;Inggris;Ksatria Sieg harus menghadapi mantan temannya Victor dan memanggil pasukan legiun untuk menyelamatkan dunia dari kehancuran.
221;The Getaway: Black Monday;Action, Open World;PlayStation 2;Desember 2004;Sony Computer Entertainment;Inggris;Game aksi kriminal berlatar kota London yang realistis dengan cerita sinematik dan sudut pandang beberapa karakter.
222;Shrek 2;Action, Adventure;PlayStation 2, Xbox, GameCube, PC;Apr-04;Activision;Inggris;Berdasarkan film animasi Shrek 2, pemain berganti-ganti karakter dari dunia dongeng untuk menyelesaikan misi dan teka-teki.
223;Bujingai: The Forsaken City;Action, Hack & Slash;PlayStation 2;Juli 2003 (JP), 2004 (NA/EU);Taito / BAM! Entertainment;Inggris;Bertarung sebagai Lau Wong, pendekar seni bela diri supernatural, dalam kota terlantar melawan monster dan ninja jahat.
224;Shadow Hearts: Covenant;RPG, Turn-Based;PlayStation 2;Sep-04;Midway / Nautilus;Inggris;Sekuel RPG bergaya gelap ini mengikuti Yuri, pahlawan dengan kekuatan iblis, yang bertarung melawan kekuatan supranatural saat Perang Dunia I.
225;Ratchet & Clank: Going Commando;Action, Platformer;PlayStation 2;Nov-03;Sony Computer Entertainment;Inggris;Duo pahlawan luar angkasa kembali dengan lebih banyak senjata, armor, dan fitur RPG dalam petualangan galaksi yang penuh aksi.
226;Red Dead Revolver;Action, Shooter;PlayStation 2, Xbox;Mei 2004;Rockstar Games;Inggris;Prekuel spiritual Red Dead Redemption, game ini membawa pemain ke dunia koboi liar penuh aksi tembak-menembak.
227;Phantom Brave;Tactical RPG;PlayStation 2;Agustus 2004;NIS America;Inggris;RPG strategi unik dengan sistem bebas gerakan dan protagonis gadis muda yang memanggil roh untuk bertarung di medan perang.
228;Transformers;Action, Shooter;PlayStation 2;Mei 2004;Atari;Inggris;Berdasarkan seri Armada, pemain mengendalikan Autobots untuk menyelamatkan bumi dari invasi Decepticons.
229;Sly 2: Band of Thieves;Stealth, Platformer;PlayStation 2;Sep-04;Sony Computer Entertainment;Inggris;Kelompok pencuri hewan kembali untuk mencuri komponen Clockwerk dari organisasi kriminal antarnegara.
230;Yu-Gi-Oh! The Duelists of the Roses;Card Battle, Strategy;PlayStation 2;Februari 2003;Konami;Inggris;Spin-off dari seri kartu Yu-Gi-Oh! dengan sistem papan 3D yang menghadirkan strategi baru dalam duel monster.
231;Manhunt;Stealth, Horror;PlayStation 2, Xbox, PC;Nov-03;Rockstar Games;Inggris;Game bertema kontroversial di mana pemain dipaksa bertahan hidup dan membunuh secara brutal dalam acara TV sadis.
232;Virtua Fighter 4: Evolution;Fighting;PlayStation 2;Maret 2003;Sega;Inggris;Versi yang disempurnakan dari Virtua Fighter 4 dengan karakter baru, grafik lebih baik, dan gameplay turnamen yang mendalam.
233;Zone of the Enders: The 2nd Runner;Action, Mecha;PlayStation 2;Februari 2003 (JP), September 2003 (NA);Konami;Inggris;Game aksi cepat dengan pertarungan robot raksasa di luar angkasa, disertai grafis anime dan cerita futuristik.
234;Beyond Good & Evil;Action, Adventure;PlayStation 2, Xbox, GameCube, PC;2 Desember 2003;Ubisoft;Inggris;Jade, seorang jurnalis investigasi, membongkar konspirasi alien yang melibatkan pemerintah dan pasukan militer di planetnya.
235;Kill.Switch;Shooter, Tactical;PlayStation 2, Xbox, PC, GBA;28 Oktober 2003;Namco;Inggris;"Game third-person shooter yang memperkenalkan sistem ""cover"", mengikuti tentara bayaran dalam misi sabotase global."
236;The Suffering;Horror, Action;PlayStation 2, Xbox, PC;8 Maret 2004;Midway Games;Inggris;Prison horror shooter yang mengisahkan karakter utama yang dihantui oleh monster dan masa lalu kelamnya di penjara pulau.
237;Onimusha 3: Demon Siege;Action, Hack & Slash;PlayStation 2;27-Apr-04;Capcom;Inggris;Samonosuke dan Jacques Blanc (diperankan Jean Reno) berperang melawan iblis Genma dalam pertarungan lintas waktu Paris dan Jepang.
238;NFL Street;Sports, Arcade;PlayStation 2, Xbox, GameCube;13 Januari 2004;EA Sports BIG;Inggris;Versi arcade dari American Football yang penuh gaya, tanpa aturan resmi, dan karakter penuh kepribadian.
239;Psi-Ops: The Mindgate Conspiracy;Action, Shooter, Sci-Fi;PlayStation 2, Xbox, PC;14 Juni 2004;Midway Games;Inggris;Game aksi dengan kekuatan psikis seperti telekinesis dan mind control, saat melawan organisasi rahasia yang jahat.
240;R-Type Final;Shoot 'em up, Sci-Fi;PlayStation 2;5 Februari 2004;Irem;Inggris;Game penembak side-scrolling klasik yang mengembalikan kapal R-9 dalam perang melawan ras alien Bydo.
241;Def Jam: Fight for NY;Fighting, Hip-Hop;PlayStation 2, Xbox, GameCube;20-Sep-04;EA Games;Inggris;Game pertarungan brutal dengan karakter rapper ternama seperti Snoop Dogg dan Ludacris dalam arena jalanan.
242;WWE SmackDown! Here Comes the Pain;Wrestling, Sports;PlayStation 2;27 Oktober 2003;THQ;Inggris;Salah satu game wrestling terbaik era PS2, menampilkan roster besar dan mode karier yang mendalam.
243;Legacy of Kain: Defiance;Action, Adventure;PlayStation 2, Xbox, PC;11-Nov-03;Eidos Interactive;Inggris;Raziel dan Kain kembali dalam kisah gelap dan penuh intrik dunia Nosgoth, dengan gameplay dua karakter dan pertarungan supernatural.
244;Prince of Persia: Warrior Within;Action, Adventure;PlayStation 2, Xbox, GameCube, PC;2 Desember 2004;Ubisoft;Inggris;Sang Pangeran melawan takdirnya dengan gaya bertarung lebih brutal dan suasana yang lebih gelap dibanding pendahulunya.
245;Gran Turismo 4 Prologue;Racing, Simulation;PlayStation 2;4 Desember 2003;Sony Computer Entertainment;Inggris;Versi awal dari Gran Turismo 4 yang menampilkan berbagai mobil dan trek balap realistis.
246;XIII;FPS, Comic-style;PlayStation 2, Xbox, GameCube, PC;18-Nov-03;Ubisoft;Inggris;Game penembak unik dengan visual cel-shaded dan cerita spionase penuh misteri tentang amnesia dan konspirasi pemerintah.
247;Freedom Fighters;Action, Shooter;PlayStation 2, Xbox, GameCube, PC;26-Sep-03;EA Games;Inggris;New York dikuasai pasukan Soviet, dan Anda adalah tukang ledeng yang memimpin pemberontakan dalam dunia alternatif ini.
248;Tokyo Xtreme Racer 3;Racing, Arcade;PlayStation 2;28 Oktober 2003;Crave Entertainment;Inggris;Balapan malam hari di jalanan Tokyo, Osaka, dan Nagoya dengan mobil tuning khas Jepang.
249;Silent Line: Armored Core;Mecha, Action;PlayStation 2;18 Maret 2003;FromSoftware;Inggris;Kelanjutan dari Armored Core 3, menambahkan fitur AI dan kustomisasi robot tempur raksasa.
250;Jet Li: Rise to Honor;Action, Beat 'em up;PlayStation 2;17 Februari 2004;Sony Computer Entertainment;Inggris;Jet Li berperan sebagai agen rahasia dalam game aksi sinematik dengan sistem pertarungan 360 derajat.
251;Katamari Damacy;Puzzle, Action;PlayStation 2;21 Maret 2004 (JP);Namco;Inggris;Game unik di mana pemain menggulung benda-benda untuk membentuk bola raksasa, menyatukan kekacauan menjadi kosmos.
252;Neo Contra;Shooter, Run and Gun;PlayStation 2;28-Sep-04;Konami;Inggris;Game aksi penuh ledakan dan pertempuran futuristik, bagian dari seri legendaris Contra.
253;Bujingai: The Forsaken City;Action, Hack and Slash;PlayStation 2;22 Juli 2004 (JP);Taito;Inggris;Game aksi stylish berlatar masa depan, menampilkan pertarungan pedang cepat ala Wuxia dan protagonis yang diperankan Gackt.
254;EyeToy: Play;Party, Motion Game;PlayStation 2;4 Juli 2003;Sony Computer Entertainment;Inggris;Game interaktif menggunakan kamera EyeToy, memungkinkan pemain menggunakan gerakan tubuh untuk bermain mini-game.
255;Manhunt;Stealth, Horror;PlayStation 2, Xbox, PC;18-Nov-03;Rockstar Games;Inggris;Seorang narapidana dipaksa bertahan hidup dalam reality show ilegal dengan kekerasan ekstrem.
256;Disgaea: Hour of Darkness;Strategy RPG;PlayStation 2;27 Agustus 2003;Nippon Ichi Software;Inggris;Pangeran iblis Laharl bangkit dari tidur panjang untuk merebut kembali tahta dari dunia bawah.
257;The Getaway: Black Monday;Action, Adventure;PlayStation 2;12-Nov-04;Sony Computer Entertainment;Inggris;Sekuel dari The Getaway, game ini mengeksplorasi dunia kejahatan London dari tiga perspektif karakter.
258;Ape Escape 2;Platformer, Adventure;PlayStation 2;30 Juli 2003;Sony Computer Entertainment;Inggris;Tangkap monyet-monyet nakal yang kabur dengan bantuan gadget unik dalam petualangan lucu dan penuh aksi.
259;Suikoden IV;RPG;PlayStation 2;17 Agustus 2004 (JP);Konami;Inggris;Game keempat dalam seri RPG klasik, menghadirkan konflik politik dan armada laut di dunia fantasi.
260;Fatal Frame II: Crimson Butterfly;Survival Horror;PlayStation 2, Xbox;27-Nov-03;Tecmo;Inggris;Sepasang saudari menjelajahi desa hantu dan menggunakan kamera mistis untuk melawan arwah.
261;Red Dead Revolver;Action, Shooter, Western;PlayStation 2, Xbox;4 Mei 2004;Rockstar Games;Inggris;Game tembak-tembakan bergaya koboi Wild West yang menjadi cikal bakal seri Red Dead Redemption.
262;Phantom Brave;Strategy RPG;PlayStation 2;12 Agustus 2004;Nippon Ichi Software;Inggris;Seorang gadis muda dan roh penjaganya menyelamatkan dunia dalam game strategi dengan sistem pertempuran bebas grid.
263;Drakengard;Action RPG;PlayStation 2;11 Maret 2004;Square Enix;Inggris;Game aksi-RPG dengan pertarungan darat dan udara menggunakan naga, penuh tema gelap dan misteri.
264;Valkyrie Profile: Silmeria;RPG, Adventure;PlayStation 2;22 Desember 2004 (JP);Square Enix;Inggris;Mengisahkan petualangan Silmeria, seorang valkyrie yang memberontak melawan kehendak para dewa dalam dunia mitologi Nordik.
265;Kill.Switch;Third-Person Shooter;PlayStation 2, Xbox, PC;28 Oktober 2003;Namco;Inggris;Game inovatif dengan sistem cover shooter, di mana pemain menjadi tentara bayaran dengan misi rahasia.
266;Psi-Ops: The Mindgate Conspiracy;Action, Shooter;PlayStation 2, Xbox, PC;14 Juni 2004;Midway Games;Inggris;Gunakan kekuatan psikis seperti telekinesis dan mind control untuk menyusup ke organisasi rahasia.
267;Summoner 2;RPG, Action;PlayStation 2;16-Sep-03;THQ;Inggris;Seorang ratu yang juga seorang summoner berjuang menyelamatkan dunia dari kekacauan magis.
268;Zone of the Enders: The 2nd Runner;Mecha, Action;PlayStation 2;13 Februari 2003 (JP);Konami;Inggris;Bertarung di luar angkasa dengan robot tempur cepat dan narasi yang intens, dari Hideo Kojima.
269;Gladius;Strategy, RPG;PlayStation 2, Xbox, GameCube;28 Oktober 2003;LucasArts;Inggris;Latih dan pimpin tim gladiator dalam pertempuran taktis di dunia yang terinspirasi oleh Romawi kuno.
270;Arc the Lad: Twilight of the Spirits;RPG;PlayStation 2;25 Juni 2003;Sony Computer Entertainment;Inggris;Cerita dua saudara yang bertolak belakang, terjebak dalam konflik antar bangsa dan ras.
271;Chaos Legion;Action, Hack and Slash;PlayStation 2, PC;17 Juli 2003 (JP);Capcom;Inggris;Gunakan pasukan legiun untuk menghadapi musuh dalam pertarungan epik dan atmosfer gelap.
272;Blood Will Tell: Tezuka Osamu's Dororo;Action, Adventure;PlayStation 2;22-Sep-04;Sega;Inggris;Adaptasi dari manga klasik, pemain mengendalikan samurai yang berusaha merebut kembali bagian tubuhnya dari 48 iblis.
273;Sly 2: Band of Thieves;Platformer, Stealth;PlayStation 2;14-Sep-04;Sony Computer Entertainment;Inggris;Lanjutkan petualangan Sly Cooper dan tim pencurinya dalam misi mencuri bagian Clockwerk di seluruh dunia.
274;Mega Man X7;Action, Platformer;PlayStation 2;17 Juli 2003 (JP);Capcom;Inggris;Petualangan Mega Man dan Zero melawan Reploid jahat dalam transisi ke gameplay 3D untuk pertama kalinya.
275;X-Men Legends;Action RPG;PlayStation 2, Xbox, GameCube;21-Sep-04;Activision;Inggris;Kendalikan tim mutan X-Men untuk bertarung dan bekerja sama dalam game RPG dengan mode kooperatif.
276;Pac-Man World 2;Platformer;PlayStation 2, GameCube, Xbox;24 Februari 2004;Namco;Inggris;Pac-Man kembali dalam game platform 3D untuk menyelamatkan dunia dari kegelapan hantu.
277;Tenchu: Wrath of Heaven;Stealth, Action;PlayStation 2;3 Maret 2003;FromSoftware / Activision;Inggris;Mainkan sebagai ninja bayangan yang menghabisi musuh dalam misi diam-diam penuh ketegangan di Jepang feodal.
278;Medal of Honor: Rising Sun;First-Person Shooter;PlayStation 2, Xbox, GameCube;11-Nov-03;Electronic Arts;Inggris;Berlatar Perang Dunia II di Pasifik, pemain melawan tentara Jepang dalam misi sejarah yang intens.
279;Dynasty Warriors 4;Hack and Slash;PlayStation 2, Xbox;13 Maret 2003;Koei;Inggris;Lawan ribuan pasukan dalam pertempuran epik zaman Tiga Kerajaan Cina dengan berbagai karakter sejarah.
280;The Suffering;Horror, Action;PlayStation 2, Xbox, PC;8 Maret 2004;Midway Games;Inggris;Seorang tahanan harus bertahan di penjara yang dihantui makhluk mengerikan dan menghadapi masa lalunya.
281;Catwoman;Action, Adventure;PlayStation 2, Xbox, GameCube;20 Juli 2004;Electronic Arts;Inggris;Adaptasi dari film Catwoman, pemain menjelajahi kota dalam aksi akrobatik dan pertarungan cepat.
282;Gradius V;Shoot 'em up;PlayStation 2;5 Agustus 2004 (JP);Konami;Inggris;Game klasik tembak-tembakan luar angkasa dengan peningkatan grafis dan gameplay taktis.
283;Onimusha 3: Demon Siege;Action, Hack and Slash;PlayStation 2;27-Apr-04;Capcom;Inggris;Samonosuke dan Jacques Blanc dari masa depan bekerja sama untuk menghentikan pasukan iblis di dua era berbeda.
284;Okami;Action-Adventure;PlayStation 2;20 April 2006 (JP);Capcom;Inggris;Bermain sebagai dewi matahari Amaterasu dalam wujud serigala putih, kamu memulihkan dunia yang rusak dengan kuas sakral.
285;God Hand;Action, Beat 'em up;PlayStation 2;14 September 2006 (JP);Capcom;Inggris;Game aksi kocak dan brutal dengan sistem pertarungan tangan kosong penuh kombo dan gaya old-school.
286;Black;First-Person Shooter;PlayStation 2, Xbox;28 Februari 2006;Electronic Arts;Inggris;FPS sinematik dengan destruksi lingkungan realistis dan gameplay intens penuh aksi tembakan.
287;Shadow Hearts: From the New World;RPG;PlayStation 2;28 Juli 2005 (JP);Nautilus;Inggris;Lanjutan dari seri Shadow Hearts, kali ini berlatar di Amerika dengan kombinasi RPG dan elemen horor.
288;Bully;Action-Adventure;PlayStation 2;17 Oktober 2006;Rockstar Games;Inggris;Bermain sebagai remaja nakal Jimmy di sekolah asrama Bullworth, lakukan misi, berkelahi, dan berurusan dengan guru serta geng.
289;Tomb Raider: Legend;Action-Adventure;PS2, PSP, PS3, Xbox, PC;07-Apr-06;Eidos Interactive;Inggris;Lara Croft kembali dalam reboot seri Tomb Raider dengan gameplay modern dan narasi baru tentang masa lalunya.
290;Guitar Hero;Rhythm, Music;PlayStation 2;08-Nov-05;RedOctane / Harmonix;Inggris;Rasakan sensasi bermain gitar dalam konser rock dengan kontroler gitar dan lagu-lagu ikonik.
291;Genji: Dawn of the Samurai;Action, Hack and Slash;PlayStation 2;30 Juni 2005 (JP);Sony Computer Entertainment;Inggris;Game aksi berlatar Jepang klasik dengan karakter utama yang terinspirasi dari kisah heroik samurai dan artefak mistis.
292;Rogue Galaxy;RPG;PlayStation 2;8 Desember 2005 (JP);Level-5;Inggris;Petualangan luar angkasa dengan pertarungan real-time dan grafis cel-shaded yang menarik.
293;The Warriors;Action, Beat 'em up;PlayStation 2, Xbox;17 Oktober 2005;Rockstar Games;Inggris;Berdasarkan film klasik, kamu memimpin geng jalanan “The Warriors” melarikan diri dari kota yang penuh kekacauan dan kekerasan.
294;Ratchet: Deadlocked;Action, Shooter;PlayStation 2;25 Oktober 2005;Sony Computer Entertainment;Inggris;Ratchet terjebak dalam acara gladiator antargalaksi dan harus bertahan hidup melalui pertarungan brutal.
295;OutRun 2006: Coast 2 Coast;Racing;PlayStation 2, PSP;11-Apr-06;Sega;Inggris;Game balap arcade klasik dengan grafis modern dan gameplay penuh gaya serta rute bercabang.
296;Soulcalibur III;Fighting;PlayStation 2;25 Oktober 2005;Namco;Inggris;Pertarungan epik dengan beragam senjata dan mode pembuatan karakter unik dalam seri Soulcalibur.
297;Dragon Quest VIII;RPG;PlayStation 2;27 November 2004 (JP);Square Enix;Inggris;Petualangan klasik RPG Jepang dengan grafis cel-shaded dan dunia luas yang bisa dijelajahi.
298;Prince of Persia: The Two Thrones;Action-Adventure;PlayStation 2, Xbox, PC;1 Desember 2005;Ubisoft;Inggris;Pangeran kembali ke Babylon dan menghadapi sisi gelap dirinya dalam kisah penutup trilogi.
299;Psychonauts;Platformer, Adventure;PlayStation 2, Xbox, PC;19-Apr-05;Majesco / Double Fine;Inggris;Game platform penuh kreativitas dengan dunia di dalam pikiran karakter-karakter eksentrik.
300;Tales of Legendia;RPG;PlayStation 2;25 Agustus 2005 (JP);Namco;Inggris;JRPG dengan sistem pertarungan real-time dan cerita emosional yang mengangkat tema keluarga dan identitas.
301;FlatOut 2;Racing, Destruction;PlayStation 2, Xbox, PC;30 Juni 2006;Empire Interactive;Inggris;Game balapan penuh kekacauan dengan tabrakan, nitro, dan mode stunt yang menantang.
302;Valkyrie Profile: Lenneth;RPG;PSP;27 Maret 2006 (JP);Square Enix;Inggris;Port dari game klasik PS1, kamu berperan sebagai Valkyrie yang merekrut jiwa pahlawan untuk Ragnarok.
303;Daxter;Platformer, Action;PSP;14 Maret 2006;Sony Computer Entertainment;Inggris;Spin-off dari seri Jak and Daxter, Daxter memulai petualangan sendiri membersihkan hama dan melawan robot.
304;The Godfather: The Game;Action-Adventure;PS2, Xbox, PC;21 Maret 2006;Electronic Arts;Inggris;Berdasarkan film legendaris, kamu naik kasta dalam dunia mafia melalui misi dan negosiasi brutal.
305;Liberty City Stories;Action, Open World;PSP, PS2;24 Oktober 2005;Rockstar Games;Inggris;Prekuel dari GTA III, mengeksplorasi dunia kejahatan Liberty City dengan kontrol dan cerita baru.
306;Tekken 5;Fighting;PlayStation 2;24 Februari 2005;Namco;Inggris;Seri legendaris kembali dengan roster besar dan mode Arcade History menampilkan game Tekken klasik.
307;Killer7;Action, Rail Shooter;PlayStation 2, GameCube;7 Juli 2005 (JP);Capcom;Inggris;Game bergaya unik dengan narasi surealis tentang pembunuh berkepribadian ganda melawan organisasi misterius.
308;Ys: The Ark of Napishtim;RPG;PlayStation 2, PSP;23 Februari 2005 (JP);Konami;Inggris;RPG aksi klasik Jepang dengan protagonis Adol dalam eksplorasi pulau misterius dan pertempuran cepat.
309;Manhunt 2;Stealth, Horror;PSP, PS2, Wii;29 Oktober 2007*;Rockstar Games;Inggris;(*rencana rilis 2006, tertunda) Seorang tahanan rumah sakit jiwa berusaha kabur dengan jalan kekerasan brutal.
310;Marvel: Ultimate Alliance;Action RPG;PS2, PSP, PS3, Xbox;24 Oktober 2006;Activision;Inggris;Kumpulkan tim superhero Marvel dan bertarung bersama untuk menghentikan ancaman global dari Doctor Doom.
311;Winning Eleven 9;Sports, Soccer;PlayStation 2, PC;4 Agustus 2005 (JP);Konami;Inggris;Versi internasional dari Pro Evolution Soccer 5 dengan gameplay realistis dan tim-tim top dunia.
312;Monster Hunter Freedom;Action RPG;PSP;1 Desember 2005 (JP);Capcom;Inggris;Berburu monster raksasa dan kumpulkan loot untuk membuat senjata serta armor lebih kuat.
313;Viewtiful Joe: Red Hot Rumble;Fighting;PSP, GameCube;24 Mei 2005 (JP);Capcom;Inggris;Spin-off dari seri Viewtiful Joe, bertarung dalam arena cepat dengan kekuatan sinematik.
314;Rogue Galaxy;RPG;PlayStation 2;8 Desember 2005 (JP);Sony Computer Entertainment;Inggris;JRPG epik luar angkasa dengan dunia luas dan pertarungan real-time.
315;Black;Shooter;PlayStation 2, Xbox;28 Februari 2006;Electronic Arts;Inggris;FPS penuh ledakan dan kehancuran dengan efek suara dan visual realistis.
316;NBA 2K6;Sports (Basketball);PS2, Xbox, Xbox 360;26-Sep-05;2K Sports;Inggris;Simulasi basket dengan grafis realistis dan gameplay kompetitif.
317;Shin Megami Tensei: Digital Devil Saga 2;RPG;PlayStation 2;13 Januari 2005 (JP);Atlus;Inggris;Melanjutkan kisah misterius protagonis yang berubah bentuk dalam dunia post-apokaliptik.
318;Capcom Classics Collection;Compilation;PlayStation 2, Xbox;27-Sep-05;Capcom;Inggris;Kompilasi game arcade klasik Capcom dari era 80-an dan 90-an.
319;Killzone: Liberation;Shooter, Tactical;PSP;31 Oktober 2006;Guerrilla Games;Inggris;Spin-off top-down shooter dari seri Killzone dengan misi taktis dan gameplay cepat.
320;WWE SmackDown! vs. Raw 2006;Sports (Wrestling);PS2, PSP;11-Nov-05;THQ;Inggris;Wrestling realistis dengan roster besar dan mode karier yang mendalam.
321;SOCOM U.S. Navy SEALs: Fireteam Bravo;Tactical Shooter;PSP;08-Nov-05;Sony Computer Entertainment;Inggris;Taktik dan strategi penting dalam operasi militer global dengan unit SEAL.
322;Monster Kingdom: Jewel Summoner;RPG;PSP;23 Februari 2006 (JP);Sony Computer Entertainment;Inggris;RPG dengan sistem pertarungan berbasis monster dan grafis elegan untuk handheld.
323;Urban Reign;Beat 'em up;PlayStation 2;13-Sep-05;Namco;Inggris;Game pertarungan jalanan dari kreator Tekken dengan hingga 2 pemain co-op.
324;LocoRoco;Puzzle, Platformer;PSP;20 Juli 2006 (JP);Sony Computer Entertainment;Inggris;Kontrol dunia, bukan karakter—gelindingkan makhluk lucu LocoRoco melalui teka-teki fisika berwarna-warni.
325;Ace Combat Zero: The Belkan War;Flight, Action;PlayStation 2;23 Maret 2006 (JP);Namco;Inggris;Simulasi penerbangan militer dengan cerita yang menggali moralitas dan pengkhianatan.
326;Kingdom Hearts II;Action RPG;PlayStation 2;22 Desember 2005 (JP);Square Enix;Inggris;Kelanjutan petualangan Sora dengan Disney dan karakter Final Fantasy dalam dunia penuh imajinasi.
327;Gun;Action-Adventure;PS2, Xbox, PSP, GameCube, PC;08-Nov-05;Activision;Inggris;Western open-world dengan kisah balas dendam di Wild West.
328;Justice League Heroes;Action RPG;PS2, PSP, Xbox;17 Oktober 2006;Warner Bros. Interactive;Inggris;Game aksi kooperatif dengan superhero DC seperti Superman dan Batman melawan kejahatan besar.
329;Samurai Warriors 2;Hack and Slash;PlayStation 2, Xbox 360;24 Februari 2006 (JP);Koei;Inggris;Lanjutan dari seri Dynasty Warriors Jepang dengan karakter sejarah unik dan pertempuran massal.
330;Harry Potter and the Goblet of Fire;Action-Adventure;PS2, PSP, Xbox, PC;08-Nov-05;Electronic Arts;Inggris;Petualangan berdasarkan film dan novel keempat dengan sihir dan kerja sama.
331;Fight Night Round 3;Sports (Boxing);PS2, PSP, Xbox, PS3;22 Februari 2006;EA Sports;Inggris;Simulasi tinju realistis dengan fisika gerakan dan grafik muka mendetail.
332;Uncharted: Drake's Fortune;Action-Adventure;PlayStation 3;19-Nov-07;Sony Computer Entertainment;Inggris;Ikuti Nathan Drake dalam petualangan pencarian harta karun El Dorado di hutan berbahaya.
333;LittleBigPlanet;Platform, Puzzle;PlayStation 3;27 Oktober 2008;Sony Computer Entertainment;Inggris;Game kreatif dengan level buatan pemain dan kontrol karakter lucu bernama Sackboy.
334;Patapon;Rhythm, Strategy;PSP;20 Desember 2007 (JP);Sony Computer Entertainment;Inggris;Pimpin pasukan Patapon dengan ritme genderang untuk melawan monster dan menaklukkan dunia.
335;MotorStorm;Racing;PlayStation 3;6 Maret 2007;Sony Computer Entertainment;Inggris;Balapan off-road brutal di berbagai kendaraan dalam lingkungan ekstrem.
336;Ratchet & Clank Future: Tools of Destruction;Platform, Shooter;PlayStation 3;23 Oktober 2007;Sony Computer Entertainment;Inggris;Petualangan baru dengan humor khas dan senjata gila dalam dunia sci-fi luas.
337;Crisis Core: Final Fantasy VII;Action RPG;PSP;13 September 2007 (JP);Square Enix;Inggris;Prekuel kisah Cloud dan Zack dalam dunia Final Fantasy VII yang penuh tragedi dan pengorbanan.
338;Burnout Paradise;Racing, Open World;PlayStation 3;22 Januari 2008;Electronic Arts;Inggris;Dunia balapan terbuka dengan tabrakan epik dan kebebasan eksplorasi.
339;Resistance: Fall of Man;First-Person Shooter;PlayStation 3;11-Nov-06;Insomniac Games;Inggris;Dunia alternatif di mana alien brutal menggantikan Perang Dunia II di Eropa.
340;Jeanne d'Arc;Tactical RPG;PSP;22 November 2006 (JP);Level-5;Inggris;Taktik fantasi terinspirasi kisah Joan of Arc melawan invasi iblis di Perancis abad pertengahan.
341;Heavenly Sword;Action, Hack & Slash;PlayStation 3;12-Sep-07;Sony Computer Entertainment;Inggris;Seorang prajurit wanita menggunakan pedang legendaris dengan kekuatan luar biasa untuk menyelamatkan bangsanya.
342;Metal Gear Solid: Portable Ops;Action, Stealth;PSP;5 Desember 2006;Konami;Inggris;Snake membentuk unit tentara bayaran dan menyusup ke wilayah musuh untuk mencegah konflik nuklir.
343;Persona 3 FES;RPG;PlayStation 2;22-Apr-08;Atlus;Inggris;"Eksplorasi dunia supernatural selama ""Dark Hour"" dengan sistem pertarungan berbasis giliran dan cerita emosional."
344;God of War: Chains of Olympus;Action-Adventure;PSP;4 Maret 2008;Sony Computer Entertainment;Inggris;Kratos kembali dalam prekuel yang mengisahkan pengabdiannya kepada para dewa Olympus.
345;Folklore;Action RPG;PlayStation 3;9 Oktober 2007;Sony Computer Entertainment;Inggris;Petualangan misterius di dunia arwah dengan sistem pertarungan berbasis makhluk supranatural.
346;The Simpsons Game;Action-Adventure;PS2, PSP, PS3;30 Oktober 2007;Electronic Arts;Inggris;Keluarga Simpsons menyadari mereka berada dalam video game dan berusaha keluar dari berbagai parodi dunia game.
347;SOCOM: U.S. Navy SEALs Tactical Strike;Tactical Shooter;PSP;06-Nov-07;Sony Computer Entertainment;Inggris;Kendalikan unit SEAL dalam misi taktis real-time untuk menyelesaikan operasi militer rahasia.
348;LocoRoco 2;Platform, Puzzle;PSP;4 Desember 2008 (JP);Sony Computer Entertainment;Inggris;Petualangan baru para LocoRoco yang lucu dalam menghadapi ancaman baru yang berbahaya.
349;Silent Hill: Origins;Survival Horror;PSP, PS2;06-Nov-07;Konami;Inggris;Mengungkap asal-usul kota menyeramkan Silent Hill dengan atmosfer horor yang mencekam.
350;Valkyria Chronicles;Tactical RPG;PlayStation 3;31 Oktober 2008 (JP);Sega;Inggris;Pertempuran strategi dalam latar dunia alternatif yang terinspirasi Perang Dunia II dengan visual bergaya anime.
351;MX vs. ATV Untamed;Racing;PS2, PSP, PS3;17 Desember 2007;THQ;Inggris;Balapan off-road dengan berbagai kendaraan seperti motorcross, ATV, dan buggy dalam lintasan ekstrem.
352;NBA 2K8;Sports, Basketball;PS2, PS3;2 Oktober 2007;2K Sports;Inggris;Simulasi bola basket dengan gameplay realistis dan kontrol yang ditingkatkan dari seri sebelumnya.
353;Beowulf: The Game;Action-Adventure;PS3, PSP;13-Nov-07;Ubisoft;Inggris;Berdasarkan film Beowulf, pemain mengendalikan prajurit legendaris melawan monster mitologis.
354;Medal of Honor: Heroes 2;First-Person Shooter;PSP;13-Nov-07;Electronic Arts;Inggris;Bertempur dalam Perang Dunia II sebagai pasukan khusus yang menyusup ke wilayah musuh.
355;Naruto: Ultimate Ninja 3;Fighting;PlayStation 2;25 Maret 2008;Namco Bandai;Inggris;Pertarungan penuh aksi antar ninja dengan cerita berdasarkan anime Naruto dan banyak karakter ikonik.
356;Juiced 2: Hot Import Nights;Racing;PS2, PS3, PSP;17-Sep-07;THQ;Inggris;Balapan jalanan dengan modifikasi mobil dan gaya hidup otomotif malam hari.
357;FlatOut: Head On;Racing, Demolition;PSP;12 Maret 2008;Empire Interactive;Inggris;Game balapan destruktif penuh kekacauan dan mode stunt yang unik.
358;Yakuza 2;Action, Beat 'em up;PlayStation 2;5 Desember 2006 (JP), 9 September 2008 (NA);Sega;Inggris;Kisah balas dendam dan konflik geng kriminal di Jepang dengan pertarungan jalanan yang seru.
359;Tony Hawk's Proving Ground;Sports, Skateboarding;PS2, PS3, PSP;15 Oktober 2007;Activision;Inggris;Menjadi skater profesional dengan gaya bebas atau mengikuti jalur karier dalam dunia skating.
360;Sega Rally Revo;Racing;PS3, PSP;28-Sep-07;Sega;Inggris;Balapan reli dengan lingkungan yang berubah secara dinamis dan kendaraan off-road.
361;Manhunt 2;Action, Stealth;PlayStation 2, PSP;29 Oktober 2007;Rockstar Games;Inggris;Game horor kontroversial yang menyoroti psikologi karakter utama dalam pelarian dari institusi gila.
362;Ratchet & Clank: Size Matters;Action, Platformer;PSP, PS2;13 Februari 2007;Sony Computer Entertainment;Inggris;Petualangan Ratchet dan Clank dimulai dari liburan yang kacau menjadi misi penyelamatan penuh aksi di galaksi.
363;NBA Street Homecourt;Sports, Basketball;PS3;20 Februari 2007;EA Sports BIG;Inggris;Permainan bola basket jalanan dengan gaya spektakuler dan grafis generasi baru.
364;Puzzle Quest: Challenge of the Warlords;Puzzle, RPG;PSP;22 Oktober 2007;D3 Publisher;Inggris;Kombinasi unik puzzle match-3 dengan elemen RPG dan pertempuran strategi.
365;Patapon;Rhythm, Strategy;PSP;20 Desember 2007 (JP);Sony Computer Entertainment;Inggris;Pimpin pasukan suku prasejarah dengan mengatur ritme drum untuk menyerang, bertahan, dan mengeksplorasi dunia.
366;Virtua Fighter 5;Fighting;PS3;20 Februari 2007;Sega;Inggris;Seri pertarungan klasik dengan sistem teknik yang mendalam dan karakter ikonik.
367;Jeanne d'Arc;Tactical RPG;PSP;21 Agustus 2007;Sony Computer Entertainment;Inggris;Kisah alternatif Jeanne d’Arc dengan taktik peperangan fantasi di Prancis abad pertengahan.
368;Tom Clancy's Rainbow Six: Vegas;Tactical Shooter;PS3;26 Juni 2007;Ubisoft;Inggris;Tim elite Rainbow Six menyusup ke Las Vegas untuk menghentikan ancaman teroris besar-besaran.
369;The Warriors;Beat 'em up;PSP;28 Februari 2007;Rockstar Games;Inggris;Adaptasi dari film kultus tentang geng jalanan yang berjuang bertahan hidup di jalanan New York.
370;UEFA Euro 2008;Sports, Soccer;PS2, PS3, PSP;18-Apr-08;EA Sports;Inggris;Simulasi turnamen sepak bola UEFA Euro 2008 dengan berbagai mode permainan dan tim nasional.
371;Taito Legends Power-Up;Arcade Compilation;PSP;14 Maret 2007;Empire Interactive;Inggris;Kompilasi dari game-game klasik arcade seperti Space Invaders dan Bubble Bobble dalam satu paket nostalgia.
372;MotoGP 07;Racing, Sports;PS2;28 Agustus 2007;Capcom;Inggris;Simulasi balapan motor resmi dengan sirkuit dunia nyata dan pembalap terkenal.
373;Def Jam: Icon;Fighting;PS3;6 Maret 2007;Electronic Arts;Inggris;Gabungkan musik hip-hop dengan pertarungan jalanan penuh gaya dan beat interaktif.
374;Ridge Racer 2;Racing, Arcade;PSP;13 Februari 2007;Namco Bandai;Inggris;Balapan kecepatan tinggi dengan efek drift yang khas dan trek futuristik.
375;The Simpsons Game;Action, Platformer;PS2, PS3, PSP;30 Oktober 2007;Electronic Arts;Inggris;Keluarga Simpsons menyadari mereka ada dalam video game dan gunakan kekuatan khusus untuk menyelamatkan dunia digital.
376;SOCOM: U.S. Navy SEALs Tactical Strike;Tactical Shooter;PSP;06-Nov-07;Sony Computer Entertainment;Inggris;Kendalikan satu skuad SEAL dalam misi strategis dengan sistem komando real-time yang mendalam.
377;Heavy Rain;Interactive Drama;PS3;23 Februari 2010;Sony Computer Entertainment;Inggris;Thriller psikologis di mana pilihan pemain menentukan nasib karakter dalam pengejaran seorang pembunuh berantai.
378;ModNation Racers;Racing, Kart;PS3, PSP;25 Mei 2010;Sony Computer Entertainment;Inggris;Game balap kart kustomisasi tinggi di mana pemain bisa membuat trek, kendaraan, dan pembalap sendiri.
379;3D Dot Game Heroes;Action RPG;PS3;11 Mei 2010;Atlus;Inggris;Petualangan bergaya retro 8-bit dalam dunia voxel 3D yang menyerupai game klasik Zelda.
380;LittleBigPlanet PSP;Platformer, Puzzle;PSP;17-Nov-09;Sony Computer Entertainment;Inggris;Versi handheld dari game kreatif ikonik, dengan kemampuan untuk menciptakan dan berbagi level.
381;White Knight Chronicles;JRPG;PS3;25 Februari 2010;Sony Computer Entertainment;Inggris;Game RPG fantasi epik dengan sistem transformasi ke ksatria raksasa dan gameplay berbasis party.
382;MotorStorm: Arctic Edge;Racing;PSP, PS2;29-Sep-09;Sony Computer Entertainment;Inggris;Balapan off-road ekstrem di lingkungan bersalju dengan kendaraan bervariasi dan jalur berbahaya.
383;Split/Second;Racing, Action;PS3;18 Mei 2010;Disney Interactive Studios;Inggris;Game balap intens di mana pemain memicu ledakan dan kehancuran lingkungan untuk menjatuhkan lawan.
384;Killzone 3;FPS;PS3;22 Februari 2011;Sony Computer Entertainment;Inggris;Sekuel dari Killzone 2 yang membawa gameplay perang futuristik skala besar dengan fitur 3D dan Move.
385;Resistance: Retribution;TPS, Sci-Fi Shooter;PSP;17 Maret 2009;Sony Computer Entertainment;Inggris;Game tembak-menembak dengan latar dunia Resistance, menampilkan karakter baru dan misi di Eropa.
386;Gran Turismo 5;Racing, Simulation;PS3;24-Nov-10;Sony Computer Entertainment;Inggris;Seri balap realistis terkenal dengan lebih dari 1.000 mobil dan sirkuit dunia nyata serta fiksi.
